=== cargo clippy --all-targets --all-features ===
warning: `package.edition` is unspecified, defaulting to `2015` while the latest is `2024`
    Checking cfg-if v1.0.4
    Checking libc v0.2.189
    Checking zerocopy v0.8.56
    Checking serde_core v1.0.229
   Compiling cgmath v0.18.0 (/Users/k_tanabe/Documents/Documents/security_project/cgmath-next)
    Checking zmij v1.0.23
    Checking mint v0.5.9
    Checking itoa v1.0.18
    Checking memchr v2.8.3
warning: the following explicit lifetimes could be elided: 'a
  --> build.rs:10:20
   |
10 | fn gen_swizzle_nth<'a>(variables: &'a str, mut i: usize, upto: usize) -> Option<(String, String)> {
   |                    ^^              ^^
   |
   = help: for further information visit https://rust-lang.github.io/rust-clippy/rust-1.97.0/index.html#needless_lifetimes
   = note: `#[warn(clippy::needless_lifetimes)]` on by default
help: elide the lifetimes
   |
10 - fn gen_swizzle_nth<'a>(variables: &'a str, mut i: usize, upto: usize) -> Option<(String, String)> {
10 + fn gen_swizzle_nth(variables: &str, mut i: usize, upto: usize) -> Option<(String, String)> {
   |

warning: manual implementation of `.is_multiple_of()`
  --> build.rs:19:12
   |
19 |         if i % n == 0 {
   |            ^^^^^^^^^^ help: replace with: `i.is_multiple_of(n)`
   |
   = help: for further information visit https://rust-lang.github.io/rust-clippy/rust-1.97.0/index.html#manual_is_multiple_of
   = note: `#[warn(clippy::manual_is_multiple_of)]` on by default

warning: manual implementation of an assign operation
  --> build.rs:25:9
   |
25 |         i = i / n;
   |         ^^^^^^^^^ help: replace it with: `i /= n`
   |
   = help: for further information visit https://rust-lang.github.io/rust-clippy/rust-1.97.0/index.html#assign_op_pattern
   = note: `#[warn(clippy::assign_op_pattern)]` on by default

warning: `cgmath` (build script) generated 3 warnings
    Checking getrandom v0.2.17
    Checking rand_core v0.6.4
    Checking serde v1.0.229
    Checking serde_json v1.0.151
    Checking ppv-lite86 v0.2.21
    Checking rand_chacha v0.3.1
    Checking rand v0.8.7
warning: `cfg_attr` is deprecated for rustfmt and got replaced by tool attributes
   --> src/matrix.rs:137:5
    |
137 |     #[cfg_attr(rustfmt, rustfmt_skip)]
    |     ^^^^^^^^^^^^^^^^^^^^^^^^^^^^^^^^^^ help: use: `#[rustfmt::skip]`
    |
    = help: for further information visit https://rust-lang.github.io/rust-clippy/rust-1.97.0/index.html#deprecated_cfg_attr
    = note: `#[warn(clippy::deprecated_cfg_attr)]` on by default

warning: `cfg_attr` is deprecated for rustfmt and got replaced by tool attributes
   --> src/matrix.rs:165:9
    |
165 |         #[cfg_attr(rustfmt, rustfmt_skip)]
    |         ^^^^^^^^^^^^^^^^^^^^^^^^^^^^^^^^^^ help: use: `#[rustfmt::skip]`
    |
    = help: for further information visit https://rust-lang.github.io/rust-clippy/rust-1.97.0/index.html#deprecated_cfg_attr

warning: `cfg_attr` is deprecated for rustfmt and got replaced by tool attributes
   --> src/matrix.rs:182:9
    |
182 |         #[cfg_attr(rustfmt, rustfmt_skip)]
    |         ^^^^^^^^^^^^^^^^^^^^^^^^^^^^^^^^^^ help: use: `#[rustfmt::skip]`
    |
    = help: for further information visit https://rust-lang.github.io/rust-clippy/rust-1.97.0/index.html#deprecated_cfg_attr

warning: `cfg_attr` is deprecated for rustfmt and got replaced by tool attributes
   --> src/matrix.rs:218:9
    |
218 |         #[cfg_attr(rustfmt, rustfmt_skip)]
    |         ^^^^^^^^^^^^^^^^^^^^^^^^^^^^^^^^^^ help: use: `#[rustfmt::skip]`
    |
    = help: for further information visit https://rust-lang.github.io/rust-clippy/rust-1.97.0/index.html#deprecated_cfg_attr

warning: `cfg_attr` is deprecated for rustfmt and got replaced by tool attributes
   --> src/matrix.rs:231:9
    |
231 |         #[cfg_attr(rustfmt, rustfmt_skip)]
    |         ^^^^^^^^^^^^^^^^^^^^^^^^^^^^^^^^^^ help: use: `#[rustfmt::skip]`
    |
    = help: for further information visit https://rust-lang.github.io/rust-clippy/rust-1.97.0/index.html#deprecated_cfg_attr

warning: `cfg_attr` is deprecated for rustfmt and got replaced by tool attributes
   --> src/matrix.rs:244:9
    |
244 |         #[cfg_attr(rustfmt, rustfmt_skip)]
    |         ^^^^^^^^^^^^^^^^^^^^^^^^^^^^^^^^^^ help: use: `#[rustfmt::skip]`
    |
    = help: for further information visit https://rust-lang.github.io/rust-clippy/rust-1.97.0/index.html#deprecated_cfg_attr

warning: `cfg_attr` is deprecated for rustfmt and got replaced by tool attributes
   --> src/matrix.rs:259:9
    |
259 |         #[cfg_attr(rustfmt, rustfmt_skip)]
    |         ^^^^^^^^^^^^^^^^^^^^^^^^^^^^^^^^^^ help: use: `#[rustfmt::skip]`
    |
    = help: for further information visit https://rust-lang.github.io/rust-clippy/rust-1.97.0/index.html#deprecated_cfg_attr

warning: `cfg_attr` is deprecated for rustfmt and got replaced by tool attributes
   --> src/matrix.rs:284:5
    |
284 |     #[cfg_attr(rustfmt, rustfmt_skip)]
    |     ^^^^^^^^^^^^^^^^^^^^^^^^^^^^^^^^^^ help: use: `#[rustfmt::skip]`
    |
    = help: for further information visit https://rust-lang.github.io/rust-clippy/rust-1.97.0/index.html#deprecated_cfg_attr

warning: `cfg_attr` is deprecated for rustfmt and got replaced by tool attributes
   --> src/matrix.rs:320:9
    |
320 |         #[cfg_attr(rustfmt, rustfmt_skip)]
    |         ^^^^^^^^^^^^^^^^^^^^^^^^^^^^^^^^^^ help: use: `#[rustfmt::skip]`
    |
    = help: for further information visit https://rust-lang.github.io/rust-clippy/rust-1.97.0/index.html#deprecated_cfg_attr

warning: `cfg_attr` is deprecated for rustfmt and got replaced by tool attributes
   --> src/matrix.rs:338:9
    |
338 |         #[cfg_attr(rustfmt, rustfmt_skip)]
    |         ^^^^^^^^^^^^^^^^^^^^^^^^^^^^^^^^^^ help: use: `#[rustfmt::skip]`
    |
    = help: for further information visit https://rust-lang.github.io/rust-clippy/rust-1.97.0/index.html#deprecated_cfg_attr

warning: `cfg_attr` is deprecated for rustfmt and got replaced by tool attributes
   --> src/matrix.rs:355:9
    |
355 |         #[cfg_attr(rustfmt, rustfmt_skip)]
    |         ^^^^^^^^^^^^^^^^^^^^^^^^^^^^^^^^^^ help: use: `#[rustfmt::skip]`
    |
    = help: for further information visit https://rust-lang.github.io/rust-clippy/rust-1.97.0/index.html#deprecated_cfg_attr

warning: `cfg_attr` is deprecated for rustfmt and got replaced by tool attributes
   --> src/matrix.rs:371:9
    |
371 |         #[cfg_attr(rustfmt, rustfmt_skip)]
    |         ^^^^^^^^^^^^^^^^^^^^^^^^^^^^^^^^^^ help: use: `#[rustfmt::skip]`
    |
    = help: for further information visit https://rust-lang.github.io/rust-clippy/rust-1.97.0/index.html#deprecated_cfg_attr

warning: `cfg_attr` is deprecated for rustfmt and got replaced by tool attributes
   --> src/matrix.rs:410:9
    |
410 |         #[cfg_attr(rustfmt, rustfmt_skip)]
    |         ^^^^^^^^^^^^^^^^^^^^^^^^^^^^^^^^^^ help: use: `#[rustfmt::skip]`
    |
    = help: for further information visit https://rust-lang.github.io/rust-clippy/rust-1.97.0/index.html#deprecated_cfg_attr

warning: `cfg_attr` is deprecated for rustfmt and got replaced by tool attributes
   --> src/matrix.rs:424:9
    |
424 |         #[cfg_attr(rustfmt, rustfmt_skip)]
    |         ^^^^^^^^^^^^^^^^^^^^^^^^^^^^^^^^^^ help: use: `#[rustfmt::skip]`
    |
    = help: for further information visit https://rust-lang.github.io/rust-clippy/rust-1.97.0/index.html#deprecated_cfg_attr

warning: `cfg_attr` is deprecated for rustfmt and got replaced by tool attributes
   --> src/matrix.rs:438:9
    |
438 |         #[cfg_attr(rustfmt, rustfmt_skip)]
    |         ^^^^^^^^^^^^^^^^^^^^^^^^^^^^^^^^^^ help: use: `#[rustfmt::skip]`
    |
    = help: for further information visit https://rust-lang.github.io/rust-clippy/rust-1.97.0/index.html#deprecated_cfg_attr

warning: `cfg_attr` is deprecated for rustfmt and got replaced by tool attributes
   --> src/matrix.rs:454:9
    |
454 |         #[cfg_attr(rustfmt, rustfmt_skip)]
    |         ^^^^^^^^^^^^^^^^^^^^^^^^^^^^^^^^^^ help: use: `#[rustfmt::skip]`
    |
    = help: for further information visit https://rust-lang.github.io/rust-clippy/rust-1.97.0/index.html#deprecated_cfg_attr

warning: `cfg_attr` is deprecated for rustfmt and got replaced by tool attributes
   --> src/matrix.rs:484:9
    |
484 |         #[cfg_attr(rustfmt, rustfmt_skip)]
    |         ^^^^^^^^^^^^^^^^^^^^^^^^^^^^^^^^^^ help: use: `#[rustfmt::skip]`
    |
    = help: for further information visit https://rust-lang.github.io/rust-clippy/rust-1.97.0/index.html#deprecated_cfg_attr

warning: `cfg_attr` is deprecated for rustfmt and got replaced by tool attributes
   --> src/matrix.rs:500:9
    |
500 |         #[cfg_attr(rustfmt, rustfmt_skip)]
    |         ^^^^^^^^^^^^^^^^^^^^^^^^^^^^^^^^^^ help: use: `#[rustfmt::skip]`
    |
    = help: for further information visit https://rust-lang.github.io/rust-clippy/rust-1.97.0/index.html#deprecated_cfg_attr

warning: `cfg_attr` is deprecated for rustfmt and got replaced by tool attributes
   --> src/matrix.rs:517:9
    |
517 |         #[cfg_attr(rustfmt, rustfmt_skip)]
    |         ^^^^^^^^^^^^^^^^^^^^^^^^^^^^^^^^^^ help: use: `#[rustfmt::skip]`
    |
    = help: for further information visit https://rust-lang.github.io/rust-clippy/rust-1.97.0/index.html#deprecated_cfg_attr

warning: `cfg_attr` is deprecated for rustfmt and got replaced by tool attributes
   --> src/matrix.rs:594:9
    |
594 |         #[cfg_attr(rustfmt, rustfmt_skip)]
    |         ^^^^^^^^^^^^^^^^^^^^^^^^^^^^^^^^^^ help: use: `#[rustfmt::skip]`
    |
    = help: for further information visit https://rust-lang.github.io/rust-clippy/rust-1.97.0/index.html#deprecated_cfg_attr

warning: `cfg_attr` is deprecated for rustfmt and got replaced by tool attributes
   --> src/matrix.rs:607:9
    |
607 |         #[cfg_attr(rustfmt, rustfmt_skip)]
    |         ^^^^^^^^^^^^^^^^^^^^^^^^^^^^^^^^^^ help: use: `#[rustfmt::skip]`
    |
    = help: for further information visit https://rust-lang.github.io/rust-clippy/rust-1.97.0/index.html#deprecated_cfg_attr

warning: `cfg_attr` is deprecated for rustfmt and got replaced by tool attributes
   --> src/matrix.rs:616:9
    |
616 |         #[cfg_attr(rustfmt, rustfmt_skip)]
    |         ^^^^^^^^^^^^^^^^^^^^^^^^^^^^^^^^^^ help: use: `#[rustfmt::skip]`
    |
    = help: for further information visit https://rust-lang.github.io/rust-clippy/rust-1.97.0/index.html#deprecated_cfg_attr

warning: `cfg_attr` is deprecated for rustfmt and got replaced by tool attributes
   --> src/matrix.rs:644:13
    |
644 |             #[cfg_attr(rustfmt, rustfmt_skip)]
    |             ^^^^^^^^^^^^^^^^^^^^^^^^^^^^^^^^^^ help: use: `#[rustfmt::skip]`
    |
    = help: for further information visit https://rust-lang.github.io/rust-clippy/rust-1.97.0/index.html#deprecated_cfg_attr

warning: `cfg_attr` is deprecated for rustfmt and got replaced by tool attributes
   --> src/matrix.rs:693:9
    |
693 |         #[cfg_attr(rustfmt, rustfmt_skip)]
    |         ^^^^^^^^^^^^^^^^^^^^^^^^^^^^^^^^^^ help: use: `#[rustfmt::skip]`
    |
    = help: for further information visit https://rust-lang.github.io/rust-clippy/rust-1.97.0/index.html#deprecated_cfg_attr

warning: `cfg_attr` is deprecated for rustfmt and got replaced by tool attributes
   --> src/matrix.rs:707:9
    |
707 |         #[cfg_attr(rustfmt, rustfmt_skip)]
    |         ^^^^^^^^^^^^^^^^^^^^^^^^^^^^^^^^^^ help: use: `#[rustfmt::skip]`
    |
    = help: for further information visit https://rust-lang.github.io/rust-clippy/rust-1.97.0/index.html#deprecated_cfg_attr

warning: `cfg_attr` is deprecated for rustfmt and got replaced by tool attributes
   --> src/matrix.rs:717:9
    |
717 |         #[cfg_attr(rustfmt, rustfmt_skip)]
    |         ^^^^^^^^^^^^^^^^^^^^^^^^^^^^^^^^^^ help: use: `#[rustfmt::skip]`
    |
    = help: for further information visit https://rust-lang.github.io/rust-clippy/rust-1.97.0/index.html#deprecated_cfg_attr

warning: `cfg_attr` is deprecated for rustfmt and got replaced by tool attributes
   --> src/matrix.rs:809:9
    |
809 |         #[cfg_attr(rustfmt, rustfmt_skip)]
    |         ^^^^^^^^^^^^^^^^^^^^^^^^^^^^^^^^^^ help: use: `#[rustfmt::skip]`
    |
    = help: for further information visit https://rust-lang.github.io/rust-clippy/rust-1.97.0/index.html#deprecated_cfg_attr

warning: `cfg_attr` is deprecated for rustfmt and got replaced by tool attributes
   --> src/matrix.rs:824:9
    |
824 |         #[cfg_attr(rustfmt, rustfmt_skip)]
    |         ^^^^^^^^^^^^^^^^^^^^^^^^^^^^^^^^^^ help: use: `#[rustfmt::skip]`
    |
    = help: for further information visit https://rust-lang.github.io/rust-clippy/rust-1.97.0/index.html#deprecated_cfg_attr

warning: `cfg_attr` is deprecated for rustfmt and got replaced by tool attributes
   --> src/matrix.rs:835:9
    |
835 |         #[cfg_attr(rustfmt, rustfmt_skip)]
    |         ^^^^^^^^^^^^^^^^^^^^^^^^^^^^^^^^^^ help: use: `#[rustfmt::skip]`
    |
    = help: for further information visit https://rust-lang.github.io/rust-clippy/rust-1.97.0/index.html#deprecated_cfg_attr

warning: `cfg_attr` is deprecated for rustfmt and got replaced by tool attributes
   --> src/matrix.rs:900:13
    |
900 |             #[cfg_attr(rustfmt, rustfmt_skip)]
    |             ^^^^^^^^^^^^^^^^^^^^^^^^^^^^^^^^^^ help: use: `#[rustfmt::skip]`
    |
    = help: for further information visit https://rust-lang.github.io/rust-clippy/rust-1.97.0/index.html#deprecated_cfg_attr

warning: `cfg_attr` is deprecated for rustfmt and got replaced by tool attributes
    --> src/matrix.rs:1310:1
     |
1310 | #[cfg_attr(rustfmt, rustfmt_skip)]
     | ^^^^^^^^^^^^^^^^^^^^^^^^^^^^^^^^^^ help: use: `#[rustfmt::skip]`
     |
     = help: for further information visit https://rust-lang.github.io/rust-clippy/rust-1.97.0/index.html#deprecated_cfg_attr

warning: `cfg_attr` is deprecated for rustfmt and got replaced by tool attributes
    --> src/matrix.rs:1324:1
     |
1324 | #[cfg_attr(rustfmt, rustfmt_skip)]
     | ^^^^^^^^^^^^^^^^^^^^^^^^^^^^^^^^^^ help: use: `#[rustfmt::skip]`
     |
     = help: for further information visit https://rust-lang.github.io/rust-clippy/rust-1.97.0/index.html#deprecated_cfg_attr

warning: `cfg_attr` is deprecated for rustfmt and got replaced by tool attributes
    --> src/matrix.rs:1422:9
     |
1422 |         #[cfg_attr(rustfmt, rustfmt_skip)]
     |         ^^^^^^^^^^^^^^^^^^^^^^^^^^^^^^^^^^ help: use: `#[rustfmt::skip]`
     |
     = help: for further information visit https://rust-lang.github.io/rust-clippy/rust-1.97.0/index.html#deprecated_cfg_attr

warning: `cfg_attr` is deprecated for rustfmt and got replaced by tool attributes
    --> src/matrix.rs:1441:9
     |
1441 |         #[cfg_attr(rustfmt, rustfmt_skip)]
     |         ^^^^^^^^^^^^^^^^^^^^^^^^^^^^^^^^^^ help: use: `#[rustfmt::skip]`
     |
     = help: for further information visit https://rust-lang.github.io/rust-clippy/rust-1.97.0/index.html#deprecated_cfg_attr

warning: `cfg_attr` is deprecated for rustfmt and got replaced by tool attributes
    --> src/matrix.rs:1577:9
     |
1577 |         #[cfg_attr(rustfmt, rustfmt_skip)]
     |         ^^^^^^^^^^^^^^^^^^^^^^^^^^^^^^^^^^ help: use: `#[rustfmt::skip]`
     |
     = help: for further information visit https://rust-lang.github.io/rust-clippy/rust-1.97.0/index.html#deprecated_cfg_attr

warning: `cfg_attr` is deprecated for rustfmt and got replaced by tool attributes
    --> src/matrix.rs:1590:9
     |
1590 |         #[cfg_attr(rustfmt, rustfmt_skip)]
     |         ^^^^^^^^^^^^^^^^^^^^^^^^^^^^^^^^^^ help: use: `#[rustfmt::skip]`
     |
     = help: for further information visit https://rust-lang.github.io/rust-clippy/rust-1.97.0/index.html#deprecated_cfg_attr

warning: `cfg_attr` is deprecated for rustfmt and got replaced by tool attributes
    --> src/matrix.rs:1604:9
     |
1604 |         #[cfg_attr(rustfmt, rustfmt_skip)]
     |         ^^^^^^^^^^^^^^^^^^^^^^^^^^^^^^^^^^ help: use: `#[rustfmt::skip]`
     |
     = help: for further information visit https://rust-lang.github.io/rust-clippy/rust-1.97.0/index.html#deprecated_cfg_attr

warning: `cfg_attr` is deprecated for rustfmt and got replaced by tool attributes
   --> src/quaternion.rs:436:9
    |
436 |         #[cfg_attr(rustfmt, rustfmt_skip)]
    |         ^^^^^^^^^^^^^^^^^^^^^^^^^^^^^^^^^^ help: use: `#[rustfmt::skip]`
    |
    = help: for further information visit https://rust-lang.github.io/rust-clippy/rust-1.97.0/index.html#deprecated_cfg_attr

warning: `cfg_attr` is deprecated for rustfmt and got replaced by tool attributes
   --> src/quaternion.rs:464:9
    |
464 |         #[cfg_attr(rustfmt, rustfmt_skip)]
    |         ^^^^^^^^^^^^^^^^^^^^^^^^^^^^^^^^^^ help: use: `#[rustfmt::skip]`
    |
    = help: for further information visit https://rust-lang.github.io/rust-clippy/rust-1.97.0/index.html#deprecated_cfg_attr

warning: `cfg_attr` is deprecated for rustfmt and got replaced by tool attributes
   --> src/projection.rs:166:9
    |
166 |         #[cfg_attr(rustfmt, rustfmt_skip)]
    |         ^^^^^^^^^^^^^^^^^^^^^^^^^^^^^^^^^^ help: use: `#[rustfmt::skip]`
    |
    = help: for further information visit https://rust-lang.github.io/rust-clippy/rust-1.97.0/index.html#deprecated_cfg_attr

warning: `cfg_attr` is deprecated for rustfmt and got replaced by tool attributes
   --> src/projection.rs:231:9
    |
231 |         #[cfg_attr(rustfmt, rustfmt_skip)]
    |         ^^^^^^^^^^^^^^^^^^^^^^^^^^^^^^^^^^ help: use: `#[rustfmt::skip]`
    |
    = help: for further information visit https://rust-lang.github.io/rust-clippy/rust-1.97.0/index.html#deprecated_cfg_attr

warning: `cfg_attr` is deprecated for rustfmt and got replaced by tool attributes
   --> src/projection.rs:277:9
    |
277 |         #[cfg_attr(rustfmt, rustfmt_skip)]
    |         ^^^^^^^^^^^^^^^^^^^^^^^^^^^^^^^^^^ help: use: `#[rustfmt::skip]`
    |
    = help: for further information visit https://rust-lang.github.io/rust-clippy/rust-1.97.0/index.html#deprecated_cfg_attr

warning: unexpected `cfg` condition value: `simd`
  --> src/lib.rs:53:13
   |
53 | #![cfg_attr(feature = "simd", feature(specialization))]
   |             ^^^^^^^^^^^^^^^^
   |
   = note: expected values for `feature` are: `mint`, `rand`, `serde`, `swizzle`, and `unstable`
   = help: consider adding `simd` as a feature in `Cargo.toml`
   = note: see <https://doc.rust-lang.org/nightly/rustc/check-cfg/cargo-specifics.html> for more information about checking conditional configuration
   = note: `#[warn(unexpected_cfgs)]` on by default

warning: unexpected `cfg` condition value: `simd`
  --> src/lib.rs:69:7
   |
69 | #[cfg(feature = "simd")]
   |       ^^^^^^^^^^^^^^^^
   |
   = note: expected values for `feature` are: `mint`, `rand`, `serde`, `swizzle`, and `unstable`
   = help: consider adding `simd` as a feature in `Cargo.toml`
   = note: see <https://doc.rust-lang.org/nightly/rustc/check-cfg/cargo-specifics.html> for more information about checking conditional configuration

warning: unexpected `cfg` condition value: `simd`
   --> src/lib.rs:103:7
    |
103 | #[cfg(feature = "simd")]
    |       ^^^^^^^^^^^^^^^^
    |
    = note: expected values for `feature` are: `mint`, `rand`, `serde`, `swizzle`, and `unstable`
    = help: consider adding `simd` as a feature in `Cargo.toml`
    = note: see <https://doc.rust-lang.org/nightly/rustc/check-cfg/cargo-specifics.html> for more information about checking conditional configuration

warning: unexpected `cfg` condition value: `simd`
   --> src/lib.rs:108:7
    |
108 | #[cfg(feature = "simd")]
    |       ^^^^^^^^^^^^^^^^
    |
    = note: expected values for `feature` are: `mint`, `rand`, `serde`, `swizzle`, and `unstable`
    = help: consider adding `simd` as a feature in `Cargo.toml`
    = note: see <https://doc.rust-lang.org/nightly/rustc/check-cfg/cargo-specifics.html> for more information about checking conditional configuration

warning: unexpected `cfg` condition value: `simd`
  --> src/macros.rs:20:7
   |
20 | #[cfg(feature = "simd")]
   |       ^^^^^^^^^^^^^^^^
   |
   = note: expected values for `feature` are: `mint`, `rand`, `serde`, `swizzle`, and `unstable`
   = help: consider adding `simd` as a feature in `Cargo.toml`
   = note: see <https://doc.rust-lang.org/nightly/rustc/check-cfg/cargo-specifics.html> for more information about checking conditional configuration

warning: unexpected `cfg` condition value: `simd`
  --> src/macros.rs:25:11
   |
25 | #[cfg(not(feature = "simd"))]
   |           ^^^^^^^^^^^^^^^^
   |
   = note: expected values for `feature` are: `mint`, `rand`, `serde`, `swizzle`, and `unstable`
   = help: consider adding `simd` as a feature in `Cargo.toml`
   = note: see <https://doc.rust-lang.org/nightly/rustc/check-cfg/cargo-specifics.html> for more information about checking conditional configuration

warning: unexpected `cfg` condition value: `simd`
   --> src/macros.rs:287:7
    |
287 | #[cfg(feature = "simd")]
    |       ^^^^^^^^^^^^^^^^
    |
    = note: expected values for `feature` are: `mint`, `rand`, `serde`, `swizzle`, and `unstable`
    = help: consider adding `simd` as a feature in `Cargo.toml`
    = note: see <https://doc.rust-lang.org/nightly/rustc/check-cfg/cargo-specifics.html> for more information about checking conditional configuration

warning: unexpected `cfg` condition value: `simd`
    --> src/matrix.rs:1323:11
     |
1323 | #[cfg(not(feature = "simd"))]
     |           ^^^^^^^^^^^^^^^^
     |
     = note: expected values for `feature` are: `mint`, `rand`, `serde`, `swizzle`, and `unstable`
     = help: consider adding `simd` as a feature in `Cargo.toml`
     = note: see <https://doc.rust-lang.org/nightly/rustc/check-cfg/cargo-specifics.html> for more information about checking conditional configuration

warning: unexpected `cfg` condition value: `simd`
    --> src/matrix.rs:1327:7
     |
1327 | #[cfg(feature = "simd")]
     |       ^^^^^^^^^^^^^^^^
     |
     = note: expected values for `feature` are: `mint`, `rand`, `serde`, `swizzle`, and `unstable`
     = help: consider adding `simd` as a feature in `Cargo.toml`
     = note: see <https://doc.rust-lang.org/nightly/rustc/check-cfg/cargo-specifics.html> for more information about checking conditional configuration

warning: unexpected `cfg` condition value: `simd`
   --> src/matrix.rs:868:15
    |
868 |     #[cfg(not(feature = "simd"))]
    |               ^^^^^^^^^^^^^^^^
    |
    = note: expected values for `feature` are: `mint`, `rand`, `serde`, `swizzle`, and `unstable`
    = help: consider adding `simd` as a feature in `Cargo.toml`
    = note: see <https://doc.rust-lang.org/nightly/rustc/check-cfg/cargo-specifics.html> for more information about checking conditional configuration

warning: unexpected `cfg` condition value: `simd`
   --> src/matrix.rs:909:11
    |
909 |     #[cfg(feature = "simd")]
    |           ^^^^^^^^^^^^^^^^
    |
    = note: expected values for `feature` are: `mint`, `rand`, `serde`, `swizzle`, and `unstable`
    = help: consider adding `simd` as a feature in `Cargo.toml`
    = note: see <https://doc.rust-lang.org/nightly/rustc/check-cfg/cargo-specifics.html> for more information about checking conditional configuration

warning: `#[inline]` attribute cannot be used on macro calls
    --> src/macros.rs:38:13
     |
  38 |             #[inline]
     |             ^^^^^^^^^
     |
    ::: src/matrix.rs:1308:1
     |
1308 | impl_matrix!(Matrix2, Vector2 { x: 0, y: 1 });
     | --------------------------------------------- in this macro invocation
     |
     = warning: this was previously accepted by the compiler but is being phased out; it will become a hard error in a future release!
     = help: `#[inline]` can only be applied to functions
     = note: `#[warn(unused_attributes)]` (part of `#[warn(unused)]`) on by default
     = note: this warning originates in the macro `impl_operator` which comes from the expansion of the macro `impl_matrix` (in Nightly builds, run with -Z macro-backtrace for more info)

warning: `#[inline]` attribute cannot be used on macro calls
    --> src/macros.rs:46:13
     |
  46 |             #[inline]
     |             ^^^^^^^^^
     |
    ::: src/matrix.rs:1308:1
     |
1308 | impl_matrix!(Matrix2, Vector2 { x: 0, y: 1 });
     | --------------------------------------------- in this macro invocation
     |
     = warning: this was previously accepted by the compiler but is being phased out; it will become a hard error in a future release!
     = help: `#[inline]` can only be applied to functions
     = note: this warning originates in the macro `impl_operator` which comes from the expansion of the macro `impl_matrix` (in Nightly builds, run with -Z macro-backtrace for more info)

warning: `#[inline]` attribute cannot be used on macro calls
    --> src/macros.rs:58:13
     |
  58 |             #[inline]
     |             ^^^^^^^^^
     |
    ::: src/matrix.rs:1308:1
     |
1308 | impl_matrix!(Matrix2, Vector2 { x: 0, y: 1 });
     | --------------------------------------------- in this macro invocation
     |
     = warning: this was previously accepted by the compiler but is being phased out; it will become a hard error in a future release!
     = help: `#[inline]` can only be applied to functions
     = note: this warning originates in the macro `impl_operator` which comes from the expansion of the macro `impl_matrix` (in Nightly builds, run with -Z macro-backtrace for more info)

warning: `#[inline]` attribute cannot be used on macro calls
    --> src/macros.rs:66:13
     |
  66 |             #[inline]
     |             ^^^^^^^^^
     |
    ::: src/matrix.rs:1308:1
     |
1308 | impl_matrix!(Matrix2, Vector2 { x: 0, y: 1 });
     | --------------------------------------------- in this macro invocation
     |
     = warning: this was previously accepted by the compiler but is being phased out; it will become a hard error in a future release!
     = help: `#[inline]` can only be applied to functions
     = note: this warning originates in the macro `impl_operator` which comes from the expansion of the macro `impl_matrix` (in Nightly builds, run with -Z macro-backtrace for more info)

warning: `#[inline]` attribute cannot be used on macro calls
    --> src/macros.rs:135:13
     |
 135 |             #[inline]
     |             ^^^^^^^^^
     |
    ::: src/matrix.rs:1308:1
     |
1308 | impl_matrix!(Matrix2, Vector2 { x: 0, y: 1 });
     | --------------------------------------------- in this macro invocation
     |
     = warning: this was previously accepted by the compiler but is being phased out; it will become a hard error in a future release!
     = help: `#[inline]` can only be applied to functions
     = note: this warning originates in the macro `impl_assignment_operator` which comes from the expansion of the macro `impl_matrix` (in Nightly builds, run with -Z macro-backtrace for more info)

warning: `#[inline]` attribute cannot be used on macro calls
    --> src/macros.rs:78:13
     |
  78 |             #[inline]
     |             ^^^^^^^^^
     |
    ::: src/matrix.rs:1308:1
     |
1308 | impl_matrix!(Matrix2, Vector2 { x: 0, y: 1 });
     | --------------------------------------------- in this macro invocation
     |
     = warning: this was previously accepted by the compiler but is being phased out; it will become a hard error in a future release!
     = help: `#[inline]` can only be applied to functions
     = note: this warning originates in the macro `impl_operator` which comes from the expansion of the macro `impl_matrix` (in Nightly builds, run with -Z macro-backtrace for more info)

warning: `#[inline]` attribute cannot be used on macro calls
    --> src/macros.rs:86:13
     |
  86 |             #[inline]
     |             ^^^^^^^^^
     |
    ::: src/matrix.rs:1308:1
     |
1308 | impl_matrix!(Matrix2, Vector2 { x: 0, y: 1 });
     | --------------------------------------------- in this macro invocation
     |
     = warning: this was previously accepted by the compiler but is being phased out; it will become a hard error in a future release!
     = help: `#[inline]` can only be applied to functions
     = note: this warning originates in the macro `impl_operator` which comes from the expansion of the macro `impl_matrix` (in Nightly builds, run with -Z macro-backtrace for more info)

warning: `#[inline]` attribute cannot be used on macro calls
    --> src/macros.rs:94:13
     |
  94 |             #[inline]
     |             ^^^^^^^^^
     |
    ::: src/matrix.rs:1308:1
     |
1308 | impl_matrix!(Matrix2, Vector2 { x: 0, y: 1 });
     | --------------------------------------------- in this macro invocation
     |
     = warning: this was previously accepted by the compiler but is being phased out; it will become a hard error in a future release!
     = help: `#[inline]` can only be applied to functions
     = note: this warning originates in the macro `impl_operator` which comes from the expansion of the macro `impl_matrix` (in Nightly builds, run with -Z macro-backtrace for more info)

warning: `#[inline]` attribute cannot be used on macro calls
    --> src/macros.rs:102:13
     |
 102 |             #[inline]
     |             ^^^^^^^^^
     |
    ::: src/matrix.rs:1308:1
     |
1308 | impl_matrix!(Matrix2, Vector2 { x: 0, y: 1 });
     | --------------------------------------------- in this macro invocation
     |
     = warning: this was previously accepted by the compiler but is being phased out; it will become a hard error in a future release!
     = help: `#[inline]` can only be applied to functions
     = note: this warning originates in the macro `impl_operator` which comes from the expansion of the macro `impl_matrix` (in Nightly builds, run with -Z macro-backtrace for more info)

warning: `#[inline]` attribute cannot be used on macro calls
    --> src/macros.rs:114:13
     |
 114 |             #[inline]
     |             ^^^^^^^^^
     |
    ::: src/matrix.rs:1308:1
     |
1308 | impl_matrix!(Matrix2, Vector2 { x: 0, y: 1 });
     | --------------------------------------------- in this macro invocation
     |
     = warning: this was previously accepted by the compiler but is being phased out; it will become a hard error in a future release!
     = help: `#[inline]` can only be applied to functions
     = note: this warning originates in the macro `impl_operator` which comes from the expansion of the macro `impl_matrix` (in Nightly builds, run with -Z macro-backtrace for more info)

warning: `#[inline]` attribute cannot be used on macro calls
    --> src/macros.rs:122:13
     |
 122 |             #[inline]
     |             ^^^^^^^^^
     |
    ::: src/matrix.rs:1308:1
     |
1308 | impl_matrix!(Matrix2, Vector2 { x: 0, y: 1 });
     | --------------------------------------------- in this macro invocation
     |
     = warning: this was previously accepted by the compiler but is being phased out; it will become a hard error in a future release!
     = help: `#[inline]` can only be applied to functions
     = note: this warning originates in the macro `impl_operator` which comes from the expansion of the macro `impl_matrix` (in Nightly builds, run with -Z macro-backtrace for more info)

warning: `#[inline]` attribute cannot be used on macro calls
    --> src/macros.rs:38:13
     |
  38 |             #[inline]
     |             ^^^^^^^^^
     |
    ::: src/matrix.rs:1309:1
     |
1309 | impl_matrix!(Matrix3, Vector3 { x: 0, y: 1, z: 2 });
     | --------------------------------------------------- in this macro invocation
     |
     = warning: this was previously accepted by the compiler but is being phased out; it will become a hard error in a future release!
     = help: `#[inline]` can only be applied to functions
     = note: this warning originates in the macro `impl_operator` which comes from the expansion of the macro `impl_matrix` (in Nightly builds, run with -Z macro-backtrace for more info)

warning: `#[inline]` attribute cannot be used on macro calls
    --> src/macros.rs:46:13
     |
  46 |             #[inline]
     |             ^^^^^^^^^
     |
    ::: src/matrix.rs:1309:1
     |
1309 | impl_matrix!(Matrix3, Vector3 { x: 0, y: 1, z: 2 });
     | --------------------------------------------------- in this macro invocation
     |
     = warning: this was previously accepted by the compiler but is being phased out; it will become a hard error in a future release!
     = help: `#[inline]` can only be applied to functions
     = note: this warning originates in the macro `impl_operator` which comes from the expansion of the macro `impl_matrix` (in Nightly builds, run with -Z macro-backtrace for more info)

warning: `#[inline]` attribute cannot be used on macro calls
    --> src/macros.rs:58:13
     |
  58 |             #[inline]
     |             ^^^^^^^^^
     |
    ::: src/matrix.rs:1309:1
     |
1309 | impl_matrix!(Matrix3, Vector3 { x: 0, y: 1, z: 2 });
     | --------------------------------------------------- in this macro invocation
     |
     = warning: this was previously accepted by the compiler but is being phased out; it will become a hard error in a future release!
     = help: `#[inline]` can only be applied to functions
     = note: this warning originates in the macro `impl_operator` which comes from the expansion of the macro `impl_matrix` (in Nightly builds, run with -Z macro-backtrace for more info)

warning: `#[inline]` attribute cannot be used on macro calls
    --> src/macros.rs:66:13
     |
  66 |             #[inline]
     |             ^^^^^^^^^
     |
    ::: src/matrix.rs:1309:1
     |
1309 | impl_matrix!(Matrix3, Vector3 { x: 0, y: 1, z: 2 });
     | --------------------------------------------------- in this macro invocation
     |
     = warning: this was previously accepted by the compiler but is being phased out; it will become a hard error in a future release!
     = help: `#[inline]` can only be applied to functions
     = note: this warning originates in the macro `impl_operator` which comes from the expansion of the macro `impl_matrix` (in Nightly builds, run with -Z macro-backtrace for more info)

warning: `#[inline]` attribute cannot be used on macro calls
    --> src/macros.rs:135:13
     |
 135 |             #[inline]
     |             ^^^^^^^^^
     |
    ::: src/matrix.rs:1309:1
     |
1309 | impl_matrix!(Matrix3, Vector3 { x: 0, y: 1, z: 2 });
     | --------------------------------------------------- in this macro invocation
     |
     = warning: this was previously accepted by the compiler but is being phased out; it will become a hard error in a future release!
     = help: `#[inline]` can only be applied to functions
     = note: this warning originates in the macro `impl_assignment_operator` which comes from the expansion of the macro `impl_matrix` (in Nightly builds, run with -Z macro-backtrace for more info)

warning: `#[inline]` attribute cannot be used on macro calls
    --> src/macros.rs:78:13
     |
  78 |             #[inline]
     |             ^^^^^^^^^
     |
    ::: src/matrix.rs:1309:1
     |
1309 | impl_matrix!(Matrix3, Vector3 { x: 0, y: 1, z: 2 });
     | --------------------------------------------------- in this macro invocation
     |
     = warning: this was previously accepted by the compiler but is being phased out; it will become a hard error in a future release!
     = help: `#[inline]` can only be applied to functions
     = note: this warning originates in the macro `impl_operator` which comes from the expansion of the macro `impl_matrix` (in Nightly builds, run with -Z macro-backtrace for more info)

warning: `#[inline]` attribute cannot be used on macro calls
    --> src/macros.rs:86:13
     |
  86 |             #[inline]
     |             ^^^^^^^^^
     |
    ::: src/matrix.rs:1309:1
     |
1309 | impl_matrix!(Matrix3, Vector3 { x: 0, y: 1, z: 2 });
     | --------------------------------------------------- in this macro invocation
     |
     = warning: this was previously accepted by the compiler but is being phased out; it will become a hard error in a future release!
     = help: `#[inline]` can only be applied to functions
     = note: this warning originates in the macro `impl_operator` which comes from the expansion of the macro `impl_matrix` (in Nightly builds, run with -Z macro-backtrace for more info)

warning: `#[inline]` attribute cannot be used on macro calls
    --> src/macros.rs:94:13
     |
  94 |             #[inline]
     |             ^^^^^^^^^
     |
    ::: src/matrix.rs:1309:1
     |
1309 | impl_matrix!(Matrix3, Vector3 { x: 0, y: 1, z: 2 });
     | --------------------------------------------------- in this macro invocation
     |
     = warning: this was previously accepted by the compiler but is being phased out; it will become a hard error in a future release!
     = help: `#[inline]` can only be applied to functions
     = note: this warning originates in the macro `impl_operator` which comes from the expansion of the macro `impl_matrix` (in Nightly builds, run with -Z macro-backtrace for more info)

warning: `#[inline]` attribute cannot be used on macro calls
    --> src/macros.rs:102:13
     |
 102 |             #[inline]
     |             ^^^^^^^^^
     |
    ::: src/matrix.rs:1309:1
     |
1309 | impl_matrix!(Matrix3, Vector3 { x: 0, y: 1, z: 2 });
     | --------------------------------------------------- in this macro invocation
     |
     = warning: this was previously accepted by the compiler but is being phased out; it will become a hard error in a future release!
     = help: `#[inline]` can only be applied to functions
     = note: this warning originates in the macro `impl_operator` which comes from the expansion of the macro `impl_matrix` (in Nightly builds, run with -Z macro-backtrace for more info)

warning: `#[inline]` attribute cannot be used on macro calls
    --> src/macros.rs:114:13
     |
 114 |             #[inline]
     |             ^^^^^^^^^
     |
    ::: src/matrix.rs:1309:1
     |
1309 | impl_matrix!(Matrix3, Vector3 { x: 0, y: 1, z: 2 });
     | --------------------------------------------------- in this macro invocation
     |
     = warning: this was previously accepted by the compiler but is being phased out; it will become a hard error in a future release!
     = help: `#[inline]` can only be applied to functions
     = note: this warning originates in the macro `impl_operator` which comes from the expansion of the macro `impl_matrix` (in Nightly builds, run with -Z macro-backtrace for more info)

warning: `#[inline]` attribute cannot be used on macro calls
    --> src/macros.rs:122:13
     |
 122 |             #[inline]
     |             ^^^^^^^^^
     |
    ::: src/matrix.rs:1309:1
     |
1309 | impl_matrix!(Matrix3, Vector3 { x: 0, y: 1, z: 2 });
     | --------------------------------------------------- in this macro invocation
     |
     = warning: this was previously accepted by the compiler but is being phased out; it will become a hard error in a future release!
     = help: `#[inline]` can only be applied to functions
     = note: this warning originates in the macro `impl_operator` which comes from the expansion of the macro `impl_matrix` (in Nightly builds, run with -Z macro-backtrace for more info)

warning: `#[inline]` attribute cannot be used on macro calls
    --> src/macros.rs:38:13
     |
  38 |             #[inline]
     |             ^^^^^^^^^
     |
    ::: src/matrix.rs:1311:1
     |
1311 | impl_matrix!(Matrix4, Vector4 { x: 0, y: 1, z: 2, w: 3 });
     | --------------------------------------------------------- in this macro invocation
     |
     = warning: this was previously accepted by the compiler but is being phased out; it will become a hard error in a future release!
     = help: `#[inline]` can only be applied to functions
     = note: this warning originates in the macro `impl_operator` which comes from the expansion of the macro `impl_matrix` (in Nightly builds, run with -Z macro-backtrace for more info)

warning: `#[inline]` attribute cannot be used on macro calls
    --> src/macros.rs:46:13
     |
  46 |             #[inline]
     |             ^^^^^^^^^
     |
    ::: src/matrix.rs:1311:1
     |
1311 | impl_matrix!(Matrix4, Vector4 { x: 0, y: 1, z: 2, w: 3 });
     | --------------------------------------------------------- in this macro invocation
     |
     = warning: this was previously accepted by the compiler but is being phased out; it will become a hard error in a future release!
     = help: `#[inline]` can only be applied to functions
     = note: this warning originates in the macro `impl_operator` which comes from the expansion of the macro `impl_matrix` (in Nightly builds, run with -Z macro-backtrace for more info)

warning: `#[inline]` attribute cannot be used on macro calls
    --> src/macros.rs:58:13
     |
  58 |             #[inline]
     |             ^^^^^^^^^
     |
    ::: src/matrix.rs:1311:1
     |
1311 | impl_matrix!(Matrix4, Vector4 { x: 0, y: 1, z: 2, w: 3 });
     | --------------------------------------------------------- in this macro invocation
     |
     = warning: this was previously accepted by the compiler but is being phased out; it will become a hard error in a future release!
     = help: `#[inline]` can only be applied to functions
     = note: this warning originates in the macro `impl_operator` which comes from the expansion of the macro `impl_matrix` (in Nightly builds, run with -Z macro-backtrace for more info)

warning: `#[inline]` attribute cannot be used on macro calls
    --> src/macros.rs:66:13
     |
  66 |             #[inline]
     |             ^^^^^^^^^
     |
    ::: src/matrix.rs:1311:1
     |
1311 | impl_matrix!(Matrix4, Vector4 { x: 0, y: 1, z: 2, w: 3 });
     | --------------------------------------------------------- in this macro invocation
     |
     = warning: this was previously accepted by the compiler but is being phased out; it will become a hard error in a future release!
     = help: `#[inline]` can only be applied to functions
     = note: this warning originates in the macro `impl_operator` which comes from the expansion of the macro `impl_matrix` (in Nightly builds, run with -Z macro-backtrace for more info)

warning: `#[inline]` attribute cannot be used on macro calls
    --> src/macros.rs:135:13
     |
 135 |             #[inline]
     |             ^^^^^^^^^
     |
    ::: src/matrix.rs:1311:1
     |
1311 | impl_matrix!(Matrix4, Vector4 { x: 0, y: 1, z: 2, w: 3 });
     | --------------------------------------------------------- in this macro invocation
     |
     = warning: this was previously accepted by the compiler but is being phased out; it will become a hard error in a future release!
     = help: `#[inline]` can only be applied to functions
     = note: this warning originates in the macro `impl_assignment_operator` which comes from the expansion of the macro `impl_matrix` (in Nightly builds, run with -Z macro-backtrace for more info)

warning: `#[inline]` attribute cannot be used on macro calls
    --> src/macros.rs:78:13
     |
  78 |             #[inline]
     |             ^^^^^^^^^
     |
    ::: src/matrix.rs:1311:1
     |
1311 | impl_matrix!(Matrix4, Vector4 { x: 0, y: 1, z: 2, w: 3 });
     | --------------------------------------------------------- in this macro invocation
     |
     = warning: this was previously accepted by the compiler but is being phased out; it will become a hard error in a future release!
     = help: `#[inline]` can only be applied to functions
     = note: this warning originates in the macro `impl_operator` which comes from the expansion of the macro `impl_matrix` (in Nightly builds, run with -Z macro-backtrace for more info)

warning: `#[inline]` attribute cannot be used on macro calls
    --> src/macros.rs:86:13
     |
  86 |             #[inline]
     |             ^^^^^^^^^
     |
    ::: src/matrix.rs:1311:1
     |
1311 | impl_matrix!(Matrix4, Vector4 { x: 0, y: 1, z: 2, w: 3 });
     | --------------------------------------------------------- in this macro invocation
     |
     = warning: this was previously accepted by the compiler but is being phased out; it will become a hard error in a future release!
     = help: `#[inline]` can only be applied to functions
     = note: this warning originates in the macro `impl_operator` which comes from the expansion of the macro `impl_matrix` (in Nightly builds, run with -Z macro-backtrace for more info)

warning: `#[inline]` attribute cannot be used on macro calls
    --> src/macros.rs:94:13
     |
  94 |             #[inline]
     |             ^^^^^^^^^
     |
    ::: src/matrix.rs:1311:1
     |
1311 | impl_matrix!(Matrix4, Vector4 { x: 0, y: 1, z: 2, w: 3 });
     | --------------------------------------------------------- in this macro invocation
     |
     = warning: this was previously accepted by the compiler but is being phased out; it will become a hard error in a future release!
     = help: `#[inline]` can only be applied to functions
     = note: this warning originates in the macro `impl_operator` which comes from the expansion of the macro `impl_matrix` (in Nightly builds, run with -Z macro-backtrace for more info)

warning: `#[inline]` attribute cannot be used on macro calls
    --> src/macros.rs:102:13
     |
 102 |             #[inline]
     |             ^^^^^^^^^
     |
    ::: src/matrix.rs:1311:1
     |
1311 | impl_matrix!(Matrix4, Vector4 { x: 0, y: 1, z: 2, w: 3 });
     | --------------------------------------------------------- in this macro invocation
     |
     = warning: this was previously accepted by the compiler but is being phased out; it will become a hard error in a future release!
     = help: `#[inline]` can only be applied to functions
     = note: this warning originates in the macro `impl_operator` which comes from the expansion of the macro `impl_matrix` (in Nightly builds, run with -Z macro-backtrace for more info)

warning: `#[inline]` attribute cannot be used on macro calls
    --> src/macros.rs:114:13
     |
 114 |             #[inline]
     |             ^^^^^^^^^
     |
    ::: src/matrix.rs:1311:1
     |
1311 | impl_matrix!(Matrix4, Vector4 { x: 0, y: 1, z: 2, w: 3 });
     | --------------------------------------------------------- in this macro invocation
     |
     = warning: this was previously accepted by the compiler but is being phased out; it will become a hard error in a future release!
     = help: `#[inline]` can only be applied to functions
     = note: this warning originates in the macro `impl_operator` which comes from the expansion of the macro `impl_matrix` (in Nightly builds, run with -Z macro-backtrace for more info)

warning: `#[inline]` attribute cannot be used on macro calls
    --> src/macros.rs:122:13
     |
 122 |             #[inline]
     |             ^^^^^^^^^
     |
    ::: src/matrix.rs:1311:1
     |
1311 | impl_matrix!(Matrix4, Vector4 { x: 0, y: 1, z: 2, w: 3 });
     | --------------------------------------------------------- in this macro invocation
     |
     = warning: this was previously accepted by the compiler but is being phased out; it will become a hard error in a future release!
     = help: `#[inline]` can only be applied to functions
     = note: this warning originates in the macro `impl_operator` which comes from the expansion of the macro `impl_matrix` (in Nightly builds, run with -Z macro-backtrace for more info)

warning: `#[inline]` attribute cannot be used on macro calls
    --> src/macros.rs:78:13
     |
  78 |             #[inline]
     |             ^^^^^^^^^
     |
    ::: src/matrix.rs:1321:1
     |
1321 | impl_mv_operator!(Matrix2, Vector2 { x: 0, y: 1 });
     | -------------------------------------------------- in this macro invocation
     |
     = warning: this was previously accepted by the compiler but is being phased out; it will become a hard error in a future release!
     = help: `#[inline]` can only be applied to functions
     = note: this warning originates in the macro `impl_operator` which comes from the expansion of the macro `impl_mv_operator` (in Nightly builds, run with -Z macro-backtrace for more info)

warning: `#[inline]` attribute cannot be used on macro calls
    --> src/macros.rs:86:13
     |
  86 |             #[inline]
     |             ^^^^^^^^^
     |
    ::: src/matrix.rs:1321:1
     |
1321 | impl_mv_operator!(Matrix2, Vector2 { x: 0, y: 1 });
     | -------------------------------------------------- in this macro invocation
     |
     = warning: this was previously accepted by the compiler but is being phased out; it will become a hard error in a future release!
     = help: `#[inline]` can only be applied to functions
     = note: this warning originates in the macro `impl_operator` which comes from the expansion of the macro `impl_mv_operator` (in Nightly builds, run with -Z macro-backtrace for more info)

warning: `#[inline]` attribute cannot be used on macro calls
    --> src/macros.rs:94:13
     |
  94 |             #[inline]
     |             ^^^^^^^^^
     |
    ::: src/matrix.rs:1321:1
     |
1321 | impl_mv_operator!(Matrix2, Vector2 { x: 0, y: 1 });
     | -------------------------------------------------- in this macro invocation
     |
     = warning: this was previously accepted by the compiler but is being phased out; it will become a hard error in a future release!
     = help: `#[inline]` can only be applied to functions
     = note: this warning originates in the macro `impl_operator` which comes from the expansion of the macro `impl_mv_operator` (in Nightly builds, run with -Z macro-backtrace for more info)

warning: `#[inline]` attribute cannot be used on macro calls
    --> src/macros.rs:102:13
     |
 102 |             #[inline]
     |             ^^^^^^^^^
     |
    ::: src/matrix.rs:1321:1
     |
1321 | impl_mv_operator!(Matrix2, Vector2 { x: 0, y: 1 });
     | -------------------------------------------------- in this macro invocation
     |
     = warning: this was previously accepted by the compiler but is being phased out; it will become a hard error in a future release!
     = help: `#[inline]` can only be applied to functions
     = note: this warning originates in the macro `impl_operator` which comes from the expansion of the macro `impl_mv_operator` (in Nightly builds, run with -Z macro-backtrace for more info)

warning: `#[inline]` attribute cannot be used on macro calls
    --> src/macros.rs:78:13
     |
  78 |             #[inline]
     |             ^^^^^^^^^
     |
    ::: src/matrix.rs:1322:1
     |
1322 | impl_mv_operator!(Matrix3, Vector3 { x: 0, y: 1, z: 2 });
     | -------------------------------------------------------- in this macro invocation
     |
     = warning: this was previously accepted by the compiler but is being phased out; it will become a hard error in a future release!
     = help: `#[inline]` can only be applied to functions
     = note: this warning originates in the macro `impl_operator` which comes from the expansion of the macro `impl_mv_operator` (in Nightly builds, run with -Z macro-backtrace for more info)

warning: `#[inline]` attribute cannot be used on macro calls
    --> src/macros.rs:86:13
     |
  86 |             #[inline]
     |             ^^^^^^^^^
     |
    ::: src/matrix.rs:1322:1
     |
1322 | impl_mv_operator!(Matrix3, Vector3 { x: 0, y: 1, z: 2 });
     | -------------------------------------------------------- in this macro invocation
     |
     = warning: this was previously accepted by the compiler but is being phased out; it will become a hard error in a future release!
     = help: `#[inline]` can only be applied to functions
     = note: this warning originates in the macro `impl_operator` which comes from the expansion of the macro `impl_mv_operator` (in Nightly builds, run with -Z macro-backtrace for more info)

warning: `#[inline]` attribute cannot be used on macro calls
    --> src/macros.rs:94:13
     |
  94 |             #[inline]
     |             ^^^^^^^^^
     |
    ::: src/matrix.rs:1322:1
     |
1322 | impl_mv_operator!(Matrix3, Vector3 { x: 0, y: 1, z: 2 });
     | -------------------------------------------------------- in this macro invocation
     |
     = warning: this was previously accepted by the compiler but is being phased out; it will become a hard error in a future release!
     = help: `#[inline]` can only be applied to functions
     = note: this warning originates in the macro `impl_operator` which comes from the expansion of the macro `impl_mv_operator` (in Nightly builds, run with -Z macro-backtrace for more info)

warning: `#[inline]` attribute cannot be used on macro calls
    --> src/macros.rs:102:13
     |
 102 |             #[inline]
     |             ^^^^^^^^^
     |
    ::: src/matrix.rs:1322:1
     |
1322 | impl_mv_operator!(Matrix3, Vector3 { x: 0, y: 1, z: 2 });
     | -------------------------------------------------------- in this macro invocation
     |
     = warning: this was previously accepted by the compiler but is being phased out; it will become a hard error in a future release!
     = help: `#[inline]` can only be applied to functions
     = note: this warning originates in the macro `impl_operator` which comes from the expansion of the macro `impl_mv_operator` (in Nightly builds, run with -Z macro-backtrace for more info)

warning: `#[inline]` attribute cannot be used on macro calls
    --> src/macros.rs:78:13
     |
  78 |             #[inline]
     |             ^^^^^^^^^
     |
    ::: src/matrix.rs:1325:1
     |
1325 | impl_mv_operator!(Matrix4, Vector4 { x: 0, y: 1, z: 2, w: 3 });
     | -------------------------------------------------------------- in this macro invocation
     |
     = warning: this was previously accepted by the compiler but is being phased out; it will become a hard error in a future release!
     = help: `#[inline]` can only be applied to functions
     = note: this warning originates in the macro `impl_operator` which comes from the expansion of the macro `impl_mv_operator` (in Nightly builds, run with -Z macro-backtrace for more info)

warning: `#[inline]` attribute cannot be used on macro calls
    --> src/macros.rs:86:13
     |
  86 |             #[inline]
     |             ^^^^^^^^^
     |
    ::: src/matrix.rs:1325:1
     |
1325 | impl_mv_operator!(Matrix4, Vector4 { x: 0, y: 1, z: 2, w: 3 });
     | -------------------------------------------------------------- in this macro invocation
     |
     = warning: this was previously accepted by the compiler but is being phased out; it will become a hard error in a future release!
     = help: `#[inline]` can only be applied to functions
     = note: this warning originates in the macro `impl_operator` which comes from the expansion of the macro `impl_mv_operator` (in Nightly builds, run with -Z macro-backtrace for more info)

warning: `#[inline]` attribute cannot be used on macro calls
    --> src/macros.rs:94:13
     |
  94 |             #[inline]
     |             ^^^^^^^^^
     |
    ::: src/matrix.rs:1325:1
     |
1325 | impl_mv_operator!(Matrix4, Vector4 { x: 0, y: 1, z: 2, w: 3 });
     | -------------------------------------------------------------- in this macro invocation
     |
     = warning: this was previously accepted by the compiler but is being phased out; it will become a hard error in a future release!
     = help: `#[inline]` can only be applied to functions
     = note: this warning originates in the macro `impl_operator` which comes from the expansion of the macro `impl_mv_operator` (in Nightly builds, run with -Z macro-backtrace for more info)

warning: `#[inline]` attribute cannot be used on macro calls
    --> src/macros.rs:102:13
     |
 102 |             #[inline]
     |             ^^^^^^^^^
     |
    ::: src/matrix.rs:1325:1
     |
1325 | impl_mv_operator!(Matrix4, Vector4 { x: 0, y: 1, z: 2, w: 3 });
     | -------------------------------------------------------------- in this macro invocation
     |
     = warning: this was previously accepted by the compiler but is being phased out; it will become a hard error in a future release!
     = help: `#[inline]` can only be applied to functions
     = note: this warning originates in the macro `impl_operator` which comes from the expansion of the macro `impl_mv_operator` (in Nightly builds, run with -Z macro-backtrace for more info)

warning: `#[inline]` attribute cannot be used on macro calls
    --> src/macros.rs:78:13
     |
  78 |               #[inline]
     |               ^^^^^^^^^
     |
    ::: src/matrix.rs:1334:1
     |
1334 | / impl_operator!(<S: BaseFloat> Mul<Matrix2<S> > for Matrix2<S> {
1335 | |     fn mul(lhs, rhs) -> Matrix2<S> {
1336 | |         Matrix2::new(lhs.row(0).dot(rhs[0]), lhs.row(1).dot(rhs[0]),
1337 | |                      lhs.row(0).dot(rhs[1]), lhs.row(1).dot(rhs[1]))
1338 | |     }
1339 | | });
     | |__- in this macro invocation
     |
     = warning: this was previously accepted by the compiler but is being phased out; it will become a hard error in a future release!
     = help: `#[inline]` can only be applied to functions
     = note: this warning originates in the macro `impl_operator` (in Nightly builds, run with -Z macro-backtrace for more info)

warning: `#[inline]` attribute cannot be used on macro calls
    --> src/macros.rs:86:13
     |
  86 |               #[inline]
     |               ^^^^^^^^^
     |
    ::: src/matrix.rs:1334:1
     |
1334 | / impl_operator!(<S: BaseFloat> Mul<Matrix2<S> > for Matrix2<S> {
1335 | |     fn mul(lhs, rhs) -> Matrix2<S> {
1336 | |         Matrix2::new(lhs.row(0).dot(rhs[0]), lhs.row(1).dot(rhs[0]),
1337 | |                      lhs.row(0).dot(rhs[1]), lhs.row(1).dot(rhs[1]))
1338 | |     }
1339 | | });
     | |__- in this macro invocation
     |
     = warning: this was previously accepted by the compiler but is being phased out; it will become a hard error in a future release!
     = help: `#[inline]` can only be applied to functions
     = note: this warning originates in the macro `impl_operator` (in Nightly builds, run with -Z macro-backtrace for more info)

warning: `#[inline]` attribute cannot be used on macro calls
    --> src/macros.rs:94:13
     |
  94 |               #[inline]
     |               ^^^^^^^^^
     |
    ::: src/matrix.rs:1334:1
     |
1334 | / impl_operator!(<S: BaseFloat> Mul<Matrix2<S> > for Matrix2<S> {
1335 | |     fn mul(lhs, rhs) -> Matrix2<S> {
1336 | |         Matrix2::new(lhs.row(0).dot(rhs[0]), lhs.row(1).dot(rhs[0]),
1337 | |                      lhs.row(0).dot(rhs[1]), lhs.row(1).dot(rhs[1]))
1338 | |     }
1339 | | });
     | |__- in this macro invocation
     |
     = warning: this was previously accepted by the compiler but is being phased out; it will become a hard error in a future release!
     = help: `#[inline]` can only be applied to functions
     = note: this warning originates in the macro `impl_operator` (in Nightly builds, run with -Z macro-backtrace for more info)

warning: `#[inline]` attribute cannot be used on macro calls
    --> src/macros.rs:102:13
     |
 102 |               #[inline]
     |               ^^^^^^^^^
     |
    ::: src/matrix.rs:1334:1
     |
1334 | / impl_operator!(<S: BaseFloat> Mul<Matrix2<S> > for Matrix2<S> {
1335 | |     fn mul(lhs, rhs) -> Matrix2<S> {
1336 | |         Matrix2::new(lhs.row(0).dot(rhs[0]), lhs.row(1).dot(rhs[0]),
1337 | |                      lhs.row(0).dot(rhs[1]), lhs.row(1).dot(rhs[1]))
1338 | |     }
1339 | | });
     | |__- in this macro invocation
     |
     = warning: this was previously accepted by the compiler but is being phased out; it will become a hard error in a future release!
     = help: `#[inline]` can only be applied to functions
     = note: this warning originates in the macro `impl_operator` (in Nightly builds, run with -Z macro-backtrace for more info)

warning: `#[inline]` attribute cannot be used on macro calls
    --> src/macros.rs:78:13
     |
  78 |               #[inline]
     |               ^^^^^^^^^
     |
    ::: src/matrix.rs:1341:1
     |
1341 | / impl_operator!(<S: BaseFloat> Mul<Matrix3<S> > for Matrix3<S> {
1342 | |     fn mul(lhs, rhs) -> Matrix3<S> {
1343 | |         Matrix3::new(lhs.row(0).dot(rhs[0]), lhs.row(1).dot(rhs[0]), lhs.row(2).dot(rhs[0]),
1344 | |                      lhs.row(0).dot(rhs[1]), lhs.row(1).dot(rhs[1]), lhs.row(2).dot(rhs[1]),
...    |
1347 | | });
     | |__- in this macro invocation
     |
     = warning: this was previously accepted by the compiler but is being phased out; it will become a hard error in a future release!
     = help: `#[inline]` can only be applied to functions
     = note: this warning originates in the macro `impl_operator` (in Nightly builds, run with -Z macro-backtrace for more info)

warning: `#[inline]` attribute cannot be used on macro calls
    --> src/macros.rs:86:13
     |
  86 |               #[inline]
     |               ^^^^^^^^^
     |
    ::: src/matrix.rs:1341:1
     |
1341 | / impl_operator!(<S: BaseFloat> Mul<Matrix3<S> > for Matrix3<S> {
1342 | |     fn mul(lhs, rhs) -> Matrix3<S> {
1343 | |         Matrix3::new(lhs.row(0).dot(rhs[0]), lhs.row(1).dot(rhs[0]), lhs.row(2).dot(rhs[0]),
1344 | |                      lhs.row(0).dot(rhs[1]), lhs.row(1).dot(rhs[1]), lhs.row(2).dot(rhs[1]),
...    |
1347 | | });
     | |__- in this macro invocation
     |
     = warning: this was previously accepted by the compiler but is being phased out; it will become a hard error in a future release!
     = help: `#[inline]` can only be applied to functions
     = note: this warning originates in the macro `impl_operator` (in Nightly builds, run with -Z macro-backtrace for more info)

warning: `#[inline]` attribute cannot be used on macro calls
    --> src/macros.rs:94:13
     |
  94 |               #[inline]
     |               ^^^^^^^^^
     |
    ::: src/matrix.rs:1341:1
     |
1341 | / impl_operator!(<S: BaseFloat> Mul<Matrix3<S> > for Matrix3<S> {
1342 | |     fn mul(lhs, rhs) -> Matrix3<S> {
1343 | |         Matrix3::new(lhs.row(0).dot(rhs[0]), lhs.row(1).dot(rhs[0]), lhs.row(2).dot(rhs[0]),
1344 | |                      lhs.row(0).dot(rhs[1]), lhs.row(1).dot(rhs[1]), lhs.row(2).dot(rhs[1]),
...    |
1347 | | });
     | |__- in this macro invocation
     |
     = warning: this was previously accepted by the compiler but is being phased out; it will become a hard error in a future release!
     = help: `#[inline]` can only be applied to functions
     = note: this warning originates in the macro `impl_operator` (in Nightly builds, run with -Z macro-backtrace for more info)

warning: `#[inline]` attribute cannot be used on macro calls
    --> src/macros.rs:102:13
     |
 102 |               #[inline]
     |               ^^^^^^^^^
     |
    ::: src/matrix.rs:1341:1
     |
1341 | / impl_operator!(<S: BaseFloat> Mul<Matrix3<S> > for Matrix3<S> {
1342 | |     fn mul(lhs, rhs) -> Matrix3<S> {
1343 | |         Matrix3::new(lhs.row(0).dot(rhs[0]), lhs.row(1).dot(rhs[0]), lhs.row(2).dot(rhs[0]),
1344 | |                      lhs.row(0).dot(rhs[1]), lhs.row(1).dot(rhs[1]), lhs.row(2).dot(rhs[1]),
...    |
1347 | | });
     | |__- in this macro invocation
     |
     = warning: this was previously accepted by the compiler but is being phased out; it will become a hard error in a future release!
     = help: `#[inline]` can only be applied to functions
     = note: this warning originates in the macro `impl_operator` (in Nightly builds, run with -Z macro-backtrace for more info)

warning: `#[inline]` attribute cannot be used on macro calls
    --> src/macros.rs:78:13
     |
  78 |               #[inline]
     |               ^^^^^^^^^
     |
    ::: src/matrix.rs:1355:1
     |
1355 | / impl_operator!(<S: BaseFloat> Mul<Matrix4<S> > for Matrix4<S> {
1356 | |     fn mul(lhs, rhs) -> Matrix4<S> {
1357 | |         {
1358 | |             let a = lhs[0];
...    |
1372 | | });
     | |__- in this macro invocation
     |
     = warning: this was previously accepted by the compiler but is being phased out; it will become a hard error in a future release!
     = help: `#[inline]` can only be applied to functions
     = note: this warning originates in the macro `impl_operator` (in Nightly builds, run with -Z macro-backtrace for more info)

warning: `#[inline]` attribute cannot be used on macro calls
    --> src/macros.rs:86:13
     |
  86 |               #[inline]
     |               ^^^^^^^^^
     |
    ::: src/matrix.rs:1355:1
     |
1355 | / impl_operator!(<S: BaseFloat> Mul<Matrix4<S> > for Matrix4<S> {
1356 | |     fn mul(lhs, rhs) -> Matrix4<S> {
1357 | |         {
1358 | |             let a = lhs[0];
...    |
1372 | | });
     | |__- in this macro invocation
     |
     = warning: this was previously accepted by the compiler but is being phased out; it will become a hard error in a future release!
     = help: `#[inline]` can only be applied to functions
     = note: this warning originates in the macro `impl_operator` (in Nightly builds, run with -Z macro-backtrace for more info)

warning: `#[inline]` attribute cannot be used on macro calls
    --> src/macros.rs:94:13
     |
  94 |               #[inline]
     |               ^^^^^^^^^
     |
    ::: src/matrix.rs:1355:1
     |
1355 | / impl_operator!(<S: BaseFloat> Mul<Matrix4<S> > for Matrix4<S> {
1356 | |     fn mul(lhs, rhs) -> Matrix4<S> {
1357 | |         {
1358 | |             let a = lhs[0];
...    |
1372 | | });
     | |__- in this macro invocation
     |
     = warning: this was previously accepted by the compiler but is being phased out; it will become a hard error in a future release!
     = help: `#[inline]` can only be applied to functions
     = note: this warning originates in the macro `impl_operator` (in Nightly builds, run with -Z macro-backtrace for more info)

warning: `#[inline]` attribute cannot be used on macro calls
    --> src/macros.rs:102:13
     |
 102 |               #[inline]
     |               ^^^^^^^^^
     |
    ::: src/matrix.rs:1355:1
     |
1355 | / impl_operator!(<S: BaseFloat> Mul<Matrix4<S> > for Matrix4<S> {
1356 | |     fn mul(lhs, rhs) -> Matrix4<S> {
1357 | |         {
1358 | |             let a = lhs[0];
...    |
1372 | | });
     | |__- in this macro invocation
     |
     = warning: this was previously accepted by the compiler but is being phased out; it will become a hard error in a future release!
     = help: `#[inline]` can only be applied to functions
     = note: this warning originates in the macro `impl_operator` (in Nightly builds, run with -Z macro-backtrace for more info)

warning: redundant field names in struct initialization
  --> src/quaternion.rs:66:22
   |
66 |         Quaternion { s: s, v: v }
   |                      ^^^^ help: replace it with: `s`
   |
   = help: for further information visit https://rust-lang.github.io/rust-clippy/rust-1.97.0/index.html#redundant_field_names
   = note: `#[warn(clippy::redundant_field_names)]` on by default

warning: redundant field names in struct initialization
  --> src/quaternion.rs:66:28
   |
66 |         Quaternion { s: s, v: v }
   |                            ^^^^ help: replace it with: `v`
   |
   = help: for further information visit https://rust-lang.github.io/rust-clippy/rust-1.97.0/index.html#redundant_field_names

warning: `#[inline]` attribute cannot be used on macro calls
   --> src/quaternion.rs:245:5
    |
245 |     #[inline]
    |     ^^^^^^^^^
    |
    = warning: this was previously accepted by the compiler but is being phased out; it will become a hard error in a future release!
    = help: `#[inline]` can only be applied to functions

warning: `#[inline]` attribute cannot be used on macro calls
   --> src/macros.rs:38:13
    |
 38 |               #[inline]
    |               ^^^^^^^^^
    |
   ::: src/quaternion.rs:275:1
    |
275 | / impl_operator!(<S: BaseFloat> Neg for Quaternion<S> {
276 | |     fn neg(quat) -> Quaternion<S> {
277 | |         Quaternion::from_sv(-quat.s, -quat.v)
278 | |     }
279 | | });
    | |__- in this macro invocation
    |
    = warning: this was previously accepted by the compiler but is being phased out; it will become a hard error in a future release!
    = help: `#[inline]` can only be applied to functions
    = note: this warning originates in the macro `impl_operator` (in Nightly builds, run with -Z macro-backtrace for more info)

warning: `#[inline]` attribute cannot be used on macro calls
   --> src/macros.rs:46:13
    |
 46 |               #[inline]
    |               ^^^^^^^^^
    |
   ::: src/quaternion.rs:275:1
    |
275 | / impl_operator!(<S: BaseFloat> Neg for Quaternion<S> {
276 | |     fn neg(quat) -> Quaternion<S> {
277 | |         Quaternion::from_sv(-quat.s, -quat.v)
278 | |     }
279 | | });
    | |__- in this macro invocation
    |
    = warning: this was previously accepted by the compiler but is being phased out; it will become a hard error in a future release!
    = help: `#[inline]` can only be applied to functions
    = note: this warning originates in the macro `impl_operator` (in Nightly builds, run with -Z macro-backtrace for more info)

warning: `#[inline]` attribute cannot be used on macro calls
   --> src/macros.rs:58:13
    |
 58 |               #[inline]
    |               ^^^^^^^^^
    |
   ::: src/quaternion.rs:281:1
    |
281 | / impl_operator!(<S: BaseFloat> Mul<S> for Quaternion<S> {
282 | |     fn mul(lhs, rhs) -> Quaternion<S> {
283 | |         Quaternion::from_sv(lhs.s * rhs, lhs.v * rhs)
284 | |     }
285 | | });
    | |__- in this macro invocation
    |
    = warning: this was previously accepted by the compiler but is being phased out; it will become a hard error in a future release!
    = help: `#[inline]` can only be applied to functions
    = note: this warning originates in the macro `impl_operator` (in Nightly builds, run with -Z macro-backtrace for more info)

warning: `#[inline]` attribute cannot be used on macro calls
   --> src/macros.rs:66:13
    |
 66 |               #[inline]
    |               ^^^^^^^^^
    |
   ::: src/quaternion.rs:281:1
    |
281 | / impl_operator!(<S: BaseFloat> Mul<S> for Quaternion<S> {
282 | |     fn mul(lhs, rhs) -> Quaternion<S> {
283 | |         Quaternion::from_sv(lhs.s * rhs, lhs.v * rhs)
284 | |     }
285 | | });
    | |__- in this macro invocation
    |
    = warning: this was previously accepted by the compiler but is being phased out; it will become a hard error in a future release!
    = help: `#[inline]` can only be applied to functions
    = note: this warning originates in the macro `impl_operator` (in Nightly builds, run with -Z macro-backtrace for more info)

warning: `#[inline]` attribute cannot be used on macro calls
   --> src/macros.rs:135:13
    |
135 |               #[inline]
    |               ^^^^^^^^^
    |
   ::: src/quaternion.rs:287:1
    |
287 | / impl_assignment_operator!(<S: BaseFloat> MulAssign<S> for Quaternion<S> {
288 | |     fn mul_assign(&mut self, scalar) { self.s *= scalar; self.v *= scalar; }
289 | | });
    | |__- in this macro invocation
    |
    = warning: this was previously accepted by the compiler but is being phased out; it will become a hard error in a future release!
    = help: `#[inline]` can only be applied to functions
    = note: this warning originates in the macro `impl_assignment_operator` (in Nightly builds, run with -Z macro-backtrace for more info)

warning: `#[inline]` attribute cannot be used on macro calls
   --> src/macros.rs:58:13
    |
 58 |               #[inline]
    |               ^^^^^^^^^
    |
   ::: src/quaternion.rs:291:1
    |
291 | / impl_operator!(<S: BaseFloat> Div<S> for Quaternion<S> {
292 | |     fn div(lhs, rhs) -> Quaternion<S> {
293 | |         Quaternion::from_sv(lhs.s / rhs, lhs.v / rhs)
294 | |     }
295 | | });
    | |__- in this macro invocation
    |
    = warning: this was previously accepted by the compiler but is being phased out; it will become a hard error in a future release!
    = help: `#[inline]` can only be applied to functions
    = note: this warning originates in the macro `impl_operator` (in Nightly builds, run with -Z macro-backtrace for more info)

warning: `#[inline]` attribute cannot be used on macro calls
   --> src/macros.rs:66:13
    |
 66 |               #[inline]
    |               ^^^^^^^^^
    |
   ::: src/quaternion.rs:291:1
    |
291 | / impl_operator!(<S: BaseFloat> Div<S> for Quaternion<S> {
292 | |     fn div(lhs, rhs) -> Quaternion<S> {
293 | |         Quaternion::from_sv(lhs.s / rhs, lhs.v / rhs)
294 | |     }
295 | | });
    | |__- in this macro invocation
    |
    = warning: this was previously accepted by the compiler but is being phased out; it will become a hard error in a future release!
    = help: `#[inline]` can only be applied to functions
    = note: this warning originates in the macro `impl_operator` (in Nightly builds, run with -Z macro-backtrace for more info)

warning: `#[inline]` attribute cannot be used on macro calls
   --> src/macros.rs:135:13
    |
135 |               #[inline]
    |               ^^^^^^^^^
    |
   ::: src/quaternion.rs:297:1
    |
297 | / impl_assignment_operator!(<S: BaseFloat> DivAssign<S> for Quaternion<S> {
298 | |     fn div_assign(&mut self, scalar) { self.s /= scalar; self.v /= scalar; }
299 | | });
    | |__- in this macro invocation
    |
    = warning: this was previously accepted by the compiler but is being phased out; it will become a hard error in a future release!
    = help: `#[inline]` can only be applied to functions
    = note: this warning originates in the macro `impl_assignment_operator` (in Nightly builds, run with -Z macro-backtrace for more info)

warning: `#[inline]` attribute cannot be used on macro calls
   --> src/macros.rs:58:13
    |
 58 |               #[inline]
    |               ^^^^^^^^^
    |
   ::: src/quaternion.rs:301:1
    |
301 | / impl_operator!(<S: BaseFloat> Rem<S> for Quaternion<S> {
302 | |     fn rem(lhs, rhs) -> Quaternion<S> {
303 | |         Quaternion::from_sv(lhs.s % rhs, lhs.v % rhs)
304 | |     }
305 | | });
    | |__- in this macro invocation
    |
    = warning: this was previously accepted by the compiler but is being phased out; it will become a hard error in a future release!
    = help: `#[inline]` can only be applied to functions
    = note: this warning originates in the macro `impl_operator` (in Nightly builds, run with -Z macro-backtrace for more info)

warning: `#[inline]` attribute cannot be used on macro calls
   --> src/macros.rs:66:13
    |
 66 |               #[inline]
    |               ^^^^^^^^^
    |
   ::: src/quaternion.rs:301:1
    |
301 | / impl_operator!(<S: BaseFloat> Rem<S> for Quaternion<S> {
302 | |     fn rem(lhs, rhs) -> Quaternion<S> {
303 | |         Quaternion::from_sv(lhs.s % rhs, lhs.v % rhs)
304 | |     }
305 | | });
    | |__- in this macro invocation
    |
    = warning: this was previously accepted by the compiler but is being phased out; it will become a hard error in a future release!
    = help: `#[inline]` can only be applied to functions
    = note: this warning originates in the macro `impl_operator` (in Nightly builds, run with -Z macro-backtrace for more info)

warning: `#[inline]` attribute cannot be used on macro calls
   --> src/macros.rs:135:13
    |
135 |               #[inline]
    |               ^^^^^^^^^
    |
   ::: src/quaternion.rs:307:1
    |
307 | / impl_assignment_operator!(<S: BaseFloat> RemAssign<S> for Quaternion<S> {
308 | |     fn rem_assign(&mut self, scalar) { self.s %= scalar; self.v %= scalar; }
309 | | });
    | |__- in this macro invocation
    |
    = warning: this was previously accepted by the compiler but is being phased out; it will become a hard error in a future release!
    = help: `#[inline]` can only be applied to functions
    = note: this warning originates in the macro `impl_assignment_operator` (in Nightly builds, run with -Z macro-backtrace for more info)

warning: `#[inline]` attribute cannot be used on macro calls
   --> src/macros.rs:78:13
    |
 78 |               #[inline]
    |               ^^^^^^^^^
    |
   ::: src/quaternion.rs:311:1
    |
311 | / impl_operator!(<S: BaseFloat> Mul<Vector3<S> > for Quaternion<S> {
312 | |     fn mul(lhs, rhs) -> Vector3<S> {{
313 | |         let rhs = rhs.clone();
314 | |         let two: S = cast(2i8).unwrap();
...   |
317 | |     }}
318 | | });
    | |__- in this macro invocation
    |
    = warning: this was previously accepted by the compiler but is being phased out; it will become a hard error in a future release!
    = help: `#[inline]` can only be applied to functions
    = note: this warning originates in the macro `impl_operator` (in Nightly builds, run with -Z macro-backtrace for more info)

warning: `#[inline]` attribute cannot be used on macro calls
   --> src/macros.rs:86:13
    |
 86 |               #[inline]
    |               ^^^^^^^^^
    |
   ::: src/quaternion.rs:311:1
    |
311 | / impl_operator!(<S: BaseFloat> Mul<Vector3<S> > for Quaternion<S> {
312 | |     fn mul(lhs, rhs) -> Vector3<S> {{
313 | |         let rhs = rhs.clone();
314 | |         let two: S = cast(2i8).unwrap();
...   |
317 | |     }}
318 | | });
    | |__- in this macro invocation
    |
    = warning: this was previously accepted by the compiler but is being phased out; it will become a hard error in a future release!
    = help: `#[inline]` can only be applied to functions
    = note: this warning originates in the macro `impl_operator` (in Nightly builds, run with -Z macro-backtrace for more info)

warning: `#[inline]` attribute cannot be used on macro calls
   --> src/macros.rs:94:13
    |
 94 |               #[inline]
    |               ^^^^^^^^^
    |
   ::: src/quaternion.rs:311:1
    |
311 | / impl_operator!(<S: BaseFloat> Mul<Vector3<S> > for Quaternion<S> {
312 | |     fn mul(lhs, rhs) -> Vector3<S> {{
313 | |         let rhs = rhs.clone();
314 | |         let two: S = cast(2i8).unwrap();
...   |
317 | |     }}
318 | | });
    | |__- in this macro invocation
    |
    = warning: this was previously accepted by the compiler but is being phased out; it will become a hard error in a future release!
    = help: `#[inline]` can only be applied to functions
    = note: this warning originates in the macro `impl_operator` (in Nightly builds, run with -Z macro-backtrace for more info)

warning: `#[inline]` attribute cannot be used on macro calls
   --> src/macros.rs:102:13
    |
102 |               #[inline]
    |               ^^^^^^^^^
    |
   ::: src/quaternion.rs:311:1
    |
311 | / impl_operator!(<S: BaseFloat> Mul<Vector3<S> > for Quaternion<S> {
312 | |     fn mul(lhs, rhs) -> Vector3<S> {{
313 | |         let rhs = rhs.clone();
314 | |         let two: S = cast(2i8).unwrap();
...   |
317 | |     }}
318 | | });
    | |__- in this macro invocation
    |
    = warning: this was previously accepted by the compiler but is being phased out; it will become a hard error in a future release!
    = help: `#[inline]` can only be applied to functions
    = note: this warning originates in the macro `impl_operator` (in Nightly builds, run with -Z macro-backtrace for more info)

warning: `#[inline]` attribute cannot be used on macro calls
   --> src/macros.rs:78:13
    |
 78 |               #[inline]
    |               ^^^^^^^^^
    |
   ::: src/quaternion.rs:320:1
    |
320 | / impl_operator!(<S: BaseFloat> Add<Quaternion<S> > for Quaternion<S> {
321 | |     fn add(lhs, rhs) -> Quaternion<S> {
322 | |         Quaternion::from_sv(lhs.s + rhs.s, lhs.v + rhs.v)
323 | |     }
324 | | });
    | |__- in this macro invocation
    |
    = warning: this was previously accepted by the compiler but is being phased out; it will become a hard error in a future release!
    = help: `#[inline]` can only be applied to functions
    = note: this warning originates in the macro `impl_operator` (in Nightly builds, run with -Z macro-backtrace for more info)

warning: `#[inline]` attribute cannot be used on macro calls
   --> src/macros.rs:86:13
    |
 86 |               #[inline]
    |               ^^^^^^^^^
    |
   ::: src/quaternion.rs:320:1
    |
320 | / impl_operator!(<S: BaseFloat> Add<Quaternion<S> > for Quaternion<S> {
321 | |     fn add(lhs, rhs) -> Quaternion<S> {
322 | |         Quaternion::from_sv(lhs.s + rhs.s, lhs.v + rhs.v)
323 | |     }
324 | | });
    | |__- in this macro invocation
    |
    = warning: this was previously accepted by the compiler but is being phased out; it will become a hard error in a future release!
    = help: `#[inline]` can only be applied to functions
    = note: this warning originates in the macro `impl_operator` (in Nightly builds, run with -Z macro-backtrace for more info)

warning: `#[inline]` attribute cannot be used on macro calls
   --> src/macros.rs:94:13
    |
 94 |               #[inline]
    |               ^^^^^^^^^
    |
   ::: src/quaternion.rs:320:1
    |
320 | / impl_operator!(<S: BaseFloat> Add<Quaternion<S> > for Quaternion<S> {
321 | |     fn add(lhs, rhs) -> Quaternion<S> {
322 | |         Quaternion::from_sv(lhs.s + rhs.s, lhs.v + rhs.v)
323 | |     }
324 | | });
    | |__- in this macro invocation
    |
    = warning: this was previously accepted by the compiler but is being phased out; it will become a hard error in a future release!
    = help: `#[inline]` can only be applied to functions
    = note: this warning originates in the macro `impl_operator` (in Nightly builds, run with -Z macro-backtrace for more info)

warning: `#[inline]` attribute cannot be used on macro calls
   --> src/macros.rs:102:13
    |
102 |               #[inline]
    |               ^^^^^^^^^
    |
   ::: src/quaternion.rs:320:1
    |
320 | / impl_operator!(<S: BaseFloat> Add<Quaternion<S> > for Quaternion<S> {
321 | |     fn add(lhs, rhs) -> Quaternion<S> {
322 | |         Quaternion::from_sv(lhs.s + rhs.s, lhs.v + rhs.v)
323 | |     }
324 | | });
    | |__- in this macro invocation
    |
    = warning: this was previously accepted by the compiler but is being phased out; it will become a hard error in a future release!
    = help: `#[inline]` can only be applied to functions
    = note: this warning originates in the macro `impl_operator` (in Nightly builds, run with -Z macro-backtrace for more info)

warning: `#[inline]` attribute cannot be used on macro calls
   --> src/macros.rs:135:13
    |
135 |               #[inline]
    |               ^^^^^^^^^
    |
   ::: src/quaternion.rs:326:1
    |
326 | / impl_assignment_operator!(<S: BaseFloat> AddAssign<Quaternion<S> > for Quaternion<S> {
327 | |     fn add_assign(&mut self, other) { self.s += other.s; self.v += other.v; }
328 | | });
    | |__- in this macro invocation
    |
    = warning: this was previously accepted by the compiler but is being phased out; it will become a hard error in a future release!
    = help: `#[inline]` can only be applied to functions
    = note: this warning originates in the macro `impl_assignment_operator` (in Nightly builds, run with -Z macro-backtrace for more info)

warning: `#[inline]` attribute cannot be used on macro calls
   --> src/macros.rs:78:13
    |
 78 |               #[inline]
    |               ^^^^^^^^^
    |
   ::: src/quaternion.rs:330:1
    |
330 | / impl_operator!(<S: BaseFloat> Sub<Quaternion<S> > for Quaternion<S> {
331 | |     fn sub(lhs, rhs) -> Quaternion<S> {
332 | |         Quaternion::from_sv(lhs.s - rhs.s, lhs.v - rhs.v)
333 | |     }
334 | | });
    | |__- in this macro invocation
    |
    = warning: this was previously accepted by the compiler but is being phased out; it will become a hard error in a future release!
    = help: `#[inline]` can only be applied to functions
    = note: this warning originates in the macro `impl_operator` (in Nightly builds, run with -Z macro-backtrace for more info)

warning: `#[inline]` attribute cannot be used on macro calls
   --> src/macros.rs:86:13
    |
 86 |               #[inline]
    |               ^^^^^^^^^
    |
   ::: src/quaternion.rs:330:1
    |
330 | / impl_operator!(<S: BaseFloat> Sub<Quaternion<S> > for Quaternion<S> {
331 | |     fn sub(lhs, rhs) -> Quaternion<S> {
332 | |         Quaternion::from_sv(lhs.s - rhs.s, lhs.v - rhs.v)
333 | |     }
334 | | });
    | |__- in this macro invocation
    |
    = warning: this was previously accepted by the compiler but is being phased out; it will become a hard error in a future release!
    = help: `#[inline]` can only be applied to functions
    = note: this warning originates in the macro `impl_operator` (in Nightly builds, run with -Z macro-backtrace for more info)

warning: `#[inline]` attribute cannot be used on macro calls
   --> src/macros.rs:94:13
    |
 94 |               #[inline]
    |               ^^^^^^^^^
    |
   ::: src/quaternion.rs:330:1
    |
330 | / impl_operator!(<S: BaseFloat> Sub<Quaternion<S> > for Quaternion<S> {
331 | |     fn sub(lhs, rhs) -> Quaternion<S> {
332 | |         Quaternion::from_sv(lhs.s - rhs.s, lhs.v - rhs.v)
333 | |     }
334 | | });
    | |__- in this macro invocation
    |
    = warning: this was previously accepted by the compiler but is being phased out; it will become a hard error in a future release!
    = help: `#[inline]` can only be applied to functions
    = note: this warning originates in the macro `impl_operator` (in Nightly builds, run with -Z macro-backtrace for more info)

warning: `#[inline]` attribute cannot be used on macro calls
   --> src/macros.rs:102:13
    |
102 |               #[inline]
    |               ^^^^^^^^^
    |
   ::: src/quaternion.rs:330:1
    |
330 | / impl_operator!(<S: BaseFloat> Sub<Quaternion<S> > for Quaternion<S> {
331 | |     fn sub(lhs, rhs) -> Quaternion<S> {
332 | |         Quaternion::from_sv(lhs.s - rhs.s, lhs.v - rhs.v)
333 | |     }
334 | | });
    | |__- in this macro invocation
    |
    = warning: this was previously accepted by the compiler but is being phased out; it will become a hard error in a future release!
    = help: `#[inline]` can only be applied to functions
    = note: this warning originates in the macro `impl_operator` (in Nightly builds, run with -Z macro-backtrace for more info)

warning: `#[inline]` attribute cannot be used on macro calls
   --> src/macros.rs:135:13
    |
135 |               #[inline]
    |               ^^^^^^^^^
    |
   ::: src/quaternion.rs:336:1
    |
336 | / impl_assignment_operator!(<S: BaseFloat> SubAssign<Quaternion<S> > for Quaternion<S> {
337 | |     fn sub_assign(&mut self, other) { self.s -= other.s; self.v -= other.v; }
338 | | });
    | |__- in this macro invocation
    |
    = warning: this was previously accepted by the compiler but is being phased out; it will become a hard error in a future release!
    = help: `#[inline]` can only be applied to functions
    = note: this warning originates in the macro `impl_assignment_operator` (in Nightly builds, run with -Z macro-backtrace for more info)

warning: `#[inline]` attribute cannot be used on macro calls
   --> src/macros.rs:78:13
    |
 78 |               #[inline]
    |               ^^^^^^^^^
    |
   ::: src/quaternion.rs:340:1
    |
340 | / impl_operator!(<S: BaseFloat> Mul<Quaternion<S> > for Quaternion<S> {
341 | |     fn mul(lhs, rhs) -> Quaternion<S> {
342 | |         Quaternion::new(
343 | |             lhs.s * rhs.s - lhs.v.x * rhs.v.x - lhs.v.y * rhs.v.y - lhs.v.z * rhs.v.z,
...   |
349 | | });
    | |__- in this macro invocation
    |
    = warning: this was previously accepted by the compiler but is being phased out; it will become a hard error in a future release!
    = help: `#[inline]` can only be applied to functions
    = note: this warning originates in the macro `impl_operator` (in Nightly builds, run with -Z macro-backtrace for more info)

warning: `#[inline]` attribute cannot be used on macro calls
   --> src/macros.rs:86:13
    |
 86 |               #[inline]
    |               ^^^^^^^^^
    |
   ::: src/quaternion.rs:340:1
    |
340 | / impl_operator!(<S: BaseFloat> Mul<Quaternion<S> > for Quaternion<S> {
341 | |     fn mul(lhs, rhs) -> Quaternion<S> {
342 | |         Quaternion::new(
343 | |             lhs.s * rhs.s - lhs.v.x * rhs.v.x - lhs.v.y * rhs.v.y - lhs.v.z * rhs.v.z,
...   |
349 | | });
    | |__- in this macro invocation
    |
    = warning: this was previously accepted by the compiler but is being phased out; it will become a hard error in a future release!
    = help: `#[inline]` can only be applied to functions
    = note: this warning originates in the macro `impl_operator` (in Nightly builds, run with -Z macro-backtrace for more info)

warning: `#[inline]` attribute cannot be used on macro calls
   --> src/macros.rs:94:13
    |
 94 |               #[inline]
    |               ^^^^^^^^^
    |
   ::: src/quaternion.rs:340:1
    |
340 | / impl_operator!(<S: BaseFloat> Mul<Quaternion<S> > for Quaternion<S> {
341 | |     fn mul(lhs, rhs) -> Quaternion<S> {
342 | |         Quaternion::new(
343 | |             lhs.s * rhs.s - lhs.v.x * rhs.v.x - lhs.v.y * rhs.v.y - lhs.v.z * rhs.v.z,
...   |
349 | | });
    | |__- in this macro invocation
    |
    = warning: this was previously accepted by the compiler but is being phased out; it will become a hard error in a future release!
    = help: `#[inline]` can only be applied to functions
    = note: this warning originates in the macro `impl_operator` (in Nightly builds, run with -Z macro-backtrace for more info)

warning: `#[inline]` attribute cannot be used on macro calls
   --> src/macros.rs:102:13
    |
102 |               #[inline]
    |               ^^^^^^^^^
    |
   ::: src/quaternion.rs:340:1
    |
340 | / impl_operator!(<S: BaseFloat> Mul<Quaternion<S> > for Quaternion<S> {
341 | |     fn mul(lhs, rhs) -> Quaternion<S> {
342 | |         Quaternion::new(
343 | |             lhs.s * rhs.s - lhs.v.x * rhs.v.x - lhs.v.y * rhs.v.y - lhs.v.z * rhs.v.z,
...   |
349 | | });
    | |__- in this macro invocation
    |
    = warning: this was previously accepted by the compiler but is being phased out; it will become a hard error in a future release!
    = help: `#[inline]` can only be applied to functions
    = note: this warning originates in the macro `impl_operator` (in Nightly builds, run with -Z macro-backtrace for more info)

warning: `#[inline]` attribute cannot be used on macro calls
   --> src/macros.rs:114:13
    |
114 |             #[inline]
    |             ^^^^^^^^^
    |
   ::: src/quaternion.rs:371:1
    |
371 | impl_scalar_mul!(f32);
    | --------------------- in this macro invocation
    |
    = warning: this was previously accepted by the compiler but is being phased out; it will become a hard error in a future release!
    = help: `#[inline]` can only be applied to functions
    = note: this warning originates in the macro `impl_operator` which comes from the expansion of the macro `impl_scalar_mul` (in Nightly builds, run with -Z macro-backtrace for more info)

warning: `#[inline]` attribute cannot be used on macro calls
   --> src/macros.rs:122:13
    |
122 |             #[inline]
    |             ^^^^^^^^^
    |
   ::: src/quaternion.rs:371:1
    |
371 | impl_scalar_mul!(f32);
    | --------------------- in this macro invocation
    |
    = warning: this was previously accepted by the compiler but is being phased out; it will become a hard error in a future release!
    = help: `#[inline]` can only be applied to functions
    = note: this warning originates in the macro `impl_operator` which comes from the expansion of the macro `impl_scalar_mul` (in Nightly builds, run with -Z macro-backtrace for more info)

warning: `#[inline]` attribute cannot be used on macro calls
   --> src/macros.rs:114:13
    |
114 |             #[inline]
    |             ^^^^^^^^^
    |
   ::: src/quaternion.rs:372:1
    |
372 | impl_scalar_mul!(f64);
    | --------------------- in this macro invocation
    |
    = warning: this was previously accepted by the compiler but is being phased out; it will become a hard error in a future release!
    = help: `#[inline]` can only be applied to functions
    = note: this warning originates in the macro `impl_operator` which comes from the expansion of the macro `impl_scalar_mul` (in Nightly builds, run with -Z macro-backtrace for more info)

warning: `#[inline]` attribute cannot be used on macro calls
   --> src/macros.rs:122:13
    |
122 |             #[inline]
    |             ^^^^^^^^^
    |
   ::: src/quaternion.rs:372:1
    |
372 | impl_scalar_mul!(f64);
    | --------------------- in this macro invocation
    |
    = warning: this was previously accepted by the compiler but is being phased out; it will become a hard error in a future release!
    = help: `#[inline]` can only be applied to functions
    = note: this warning originates in the macro `impl_operator` which comes from the expansion of the macro `impl_scalar_mul` (in Nightly builds, run with -Z macro-backtrace for more info)

warning: `#[inline]` attribute cannot be used on macro calls
   --> src/macros.rs:114:13
    |
114 |             #[inline]
    |             ^^^^^^^^^
    |
   ::: src/quaternion.rs:373:1
    |
373 | impl_scalar_div!(f32);
    | --------------------- in this macro invocation
    |
    = warning: this was previously accepted by the compiler but is being phased out; it will become a hard error in a future release!
    = help: `#[inline]` can only be applied to functions
    = note: this warning originates in the macro `impl_operator` which comes from the expansion of the macro `impl_scalar_div` (in Nightly builds, run with -Z macro-backtrace for more info)

warning: `#[inline]` attribute cannot be used on macro calls
   --> src/macros.rs:122:13
    |
122 |             #[inline]
    |             ^^^^^^^^^
    |
   ::: src/quaternion.rs:373:1
    |
373 | impl_scalar_div!(f32);
    | --------------------- in this macro invocation
    |
    = warning: this was previously accepted by the compiler but is being phased out; it will become a hard error in a future release!
    = help: `#[inline]` can only be applied to functions
    = note: this warning originates in the macro `impl_operator` which comes from the expansion of the macro `impl_scalar_div` (in Nightly builds, run with -Z macro-backtrace for more info)

warning: `#[inline]` attribute cannot be used on macro calls
   --> src/macros.rs:114:13
    |
114 |             #[inline]
    |             ^^^^^^^^^
    |
   ::: src/quaternion.rs:374:1
    |
374 | impl_scalar_div!(f64);
    | --------------------- in this macro invocation
    |
    = warning: this was previously accepted by the compiler but is being phased out; it will become a hard error in a future release!
    = help: `#[inline]` can only be applied to functions
    = note: this warning originates in the macro `impl_operator` which comes from the expansion of the macro `impl_scalar_div` (in Nightly builds, run with -Z macro-backtrace for more info)

warning: `#[inline]` attribute cannot be used on macro calls
   --> src/macros.rs:122:13
    |
122 |             #[inline]
    |             ^^^^^^^^^
    |
   ::: src/quaternion.rs:374:1
    |
374 | impl_scalar_div!(f64);
    | --------------------- in this macro invocation
    |
    = warning: this was previously accepted by the compiler but is being phased out; it will become a hard error in a future release!
    = help: `#[inline]` can only be applied to functions
    = note: this warning originates in the macro `impl_operator` which comes from the expansion of the macro `impl_scalar_div` (in Nightly builds, run with -Z macro-backtrace for more info)

warning: `#[inline]` attribute cannot be used on macro calls
   --> src/vector.rs:212:13
    |
212 |             #[inline]
    |             ^^^^^^^^^
...
374 | impl_vector!(Vector1 { x }, 1, vec1);
    | ------------------------------------ in this macro invocation
    |
    = warning: this was previously accepted by the compiler but is being phased out; it will become a hard error in a future release!
    = help: `#[inline]` can only be applied to functions
    = note: this warning originates in the macro `impl_vector` (in Nightly builds, run with -Z macro-backtrace for more info)

warning: `#[inline]` attribute cannot be used on macro calls
   --> src/macros.rs:78:13
    |
 78 |             #[inline]
    |             ^^^^^^^^^
    |
   ::: src/vector.rs:374:1
    |
374 | impl_vector!(Vector1 { x }, 1, vec1);
    | ------------------------------------ in this macro invocation
    |
    = warning: this was previously accepted by the compiler but is being phased out; it will become a hard error in a future release!
    = help: `#[inline]` can only be applied to functions
    = note: this warning originates in the macro `impl_operator` which comes from the expansion of the macro `impl_vector` (in Nightly builds, run with -Z macro-backtrace for more info)

warning: `#[inline]` attribute cannot be used on macro calls
   --> src/macros.rs:86:13
    |
 86 |             #[inline]
    |             ^^^^^^^^^
    |
   ::: src/vector.rs:374:1
    |
374 | impl_vector!(Vector1 { x }, 1, vec1);
    | ------------------------------------ in this macro invocation
    |
    = warning: this was previously accepted by the compiler but is being phased out; it will become a hard error in a future release!
    = help: `#[inline]` can only be applied to functions
    = note: this warning originates in the macro `impl_operator` which comes from the expansion of the macro `impl_vector` (in Nightly builds, run with -Z macro-backtrace for more info)

warning: `#[inline]` attribute cannot be used on macro calls
   --> src/macros.rs:94:13
    |
 94 |             #[inline]
    |             ^^^^^^^^^
    |
   ::: src/vector.rs:374:1
    |
374 | impl_vector!(Vector1 { x }, 1, vec1);
    | ------------------------------------ in this macro invocation
    |
    = warning: this was previously accepted by the compiler but is being phased out; it will become a hard error in a future release!
    = help: `#[inline]` can only be applied to functions
    = note: this warning originates in the macro `impl_operator` which comes from the expansion of the macro `impl_vector` (in Nightly builds, run with -Z macro-backtrace for more info)

warning: `#[inline]` attribute cannot be used on macro calls
   --> src/macros.rs:102:13
    |
102 |             #[inline]
    |             ^^^^^^^^^
    |
   ::: src/vector.rs:374:1
    |
374 | impl_vector!(Vector1 { x }, 1, vec1);
    | ------------------------------------ in this macro invocation
    |
    = warning: this was previously accepted by the compiler but is being phased out; it will become a hard error in a future release!
    = help: `#[inline]` can only be applied to functions
    = note: this warning originates in the macro `impl_operator` which comes from the expansion of the macro `impl_vector` (in Nightly builds, run with -Z macro-backtrace for more info)

warning: `#[inline]` attribute cannot be used on macro calls
   --> src/macros.rs:135:13
    |
135 |             #[inline]
    |             ^^^^^^^^^
    |
   ::: src/vector.rs:374:1
    |
374 | impl_vector!(Vector1 { x }, 1, vec1);
    | ------------------------------------ in this macro invocation
    |
    = warning: this was previously accepted by the compiler but is being phased out; it will become a hard error in a future release!
    = help: `#[inline]` can only be applied to functions
    = note: this warning originates in the macro `impl_assignment_operator` which comes from the expansion of the macro `impl_vector` (in Nightly builds, run with -Z macro-backtrace for more info)

warning: `#[inline]` attribute cannot be used on macro calls
   --> src/macros.rs:58:13
    |
 58 |             #[inline]
    |             ^^^^^^^^^
    |
   ::: src/vector.rs:374:1
    |
374 | impl_vector!(Vector1 { x }, 1, vec1);
    | ------------------------------------ in this macro invocation
    |
    = warning: this was previously accepted by the compiler but is being phased out; it will become a hard error in a future release!
    = help: `#[inline]` can only be applied to functions
    = note: this warning originates in the macro `impl_operator` which comes from the expansion of the macro `impl_vector` (in Nightly builds, run with -Z macro-backtrace for more info)

warning: `#[inline]` attribute cannot be used on macro calls
   --> src/macros.rs:66:13
    |
 66 |             #[inline]
    |             ^^^^^^^^^
    |
   ::: src/vector.rs:374:1
    |
374 | impl_vector!(Vector1 { x }, 1, vec1);
    | ------------------------------------ in this macro invocation
    |
    = warning: this was previously accepted by the compiler but is being phased out; it will become a hard error in a future release!
    = help: `#[inline]` can only be applied to functions
    = note: this warning originates in the macro `impl_operator` which comes from the expansion of the macro `impl_vector` (in Nightly builds, run with -Z macro-backtrace for more info)

warning: `#[inline]` attribute cannot be used on macro calls
   --> src/vector.rs:312:13
    |
312 |             #[inline] default_fn!( add_element_wise(self, rhs: $VectorN<S>) -> $VectorN<S> { $VectorN::new($(self.$field + rhs.$fie...
    |             ^^^^^^^^^
...
374 | impl_vector!(Vector1 { x }, 1, vec1);
    | ------------------------------------ in this macro invocation
    |
    = warning: this was previously accepted by the compiler but is being phased out; it will become a hard error in a future release!
    = help: `#[inline]` can only be applied to functions
    = note: this warning originates in the macro `impl_vector` (in Nightly builds, run with -Z macro-backtrace for more info)

warning: `#[inline]` attribute cannot be used on macro calls
   --> src/vector.rs:313:13
    |
313 |             #[inline] default_fn!( sub_element_wise(self, rhs: $VectorN<S>) -> $VectorN<S> { $VectorN::new($(self.$field - rhs.$fie...
    |             ^^^^^^^^^
...
374 | impl_vector!(Vector1 { x }, 1, vec1);
    | ------------------------------------ in this macro invocation
    |
    = warning: this was previously accepted by the compiler but is being phased out; it will become a hard error in a future release!
    = help: `#[inline]` can only be applied to functions
    = note: this warning originates in the macro `impl_vector` (in Nightly builds, run with -Z macro-backtrace for more info)

warning: `#[inline]` attribute cannot be used on macro calls
   --> src/vector.rs:314:13
    |
314 |             #[inline] default_fn!( mul_element_wise(self, rhs: $VectorN<S>) -> $VectorN<S> { $VectorN::new($(self.$field * rhs.$fie...
    |             ^^^^^^^^^
...
374 | impl_vector!(Vector1 { x }, 1, vec1);
    | ------------------------------------ in this macro invocation
    |
    = warning: this was previously accepted by the compiler but is being phased out; it will become a hard error in a future release!
    = help: `#[inline]` can only be applied to functions
    = note: this warning originates in the macro `impl_vector` (in Nightly builds, run with -Z macro-backtrace for more info)

warning: `#[inline]` attribute cannot be used on macro calls
   --> src/vector.rs:315:13
    |
315 |             #[inline] default_fn!( div_element_wise(self, rhs: $VectorN<S>) -> $VectorN<S> { $VectorN::new($(self.$field / rhs.$fie...
    |             ^^^^^^^^^
...
374 | impl_vector!(Vector1 { x }, 1, vec1);
    | ------------------------------------ in this macro invocation
    |
    = warning: this was previously accepted by the compiler but is being phased out; it will become a hard error in a future release!
    = help: `#[inline]` can only be applied to functions
    = note: this warning originates in the macro `impl_vector` (in Nightly builds, run with -Z macro-backtrace for more info)

warning: `#[inline]` attribute cannot be used on macro calls
   --> src/vector.rs:318:13
    |
318 |             #[inline] default_fn!( add_assign_element_wise(&mut self, rhs: $VectorN<S>) { $(self.$field += rhs.$field);+ } );
    |             ^^^^^^^^^
...
374 | impl_vector!(Vector1 { x }, 1, vec1);
    | ------------------------------------ in this macro invocation
    |
    = warning: this was previously accepted by the compiler but is being phased out; it will become a hard error in a future release!
    = help: `#[inline]` can only be applied to functions
    = note: this warning originates in the macro `impl_vector` (in Nightly builds, run with -Z macro-backtrace for more info)

warning: `#[inline]` attribute cannot be used on macro calls
   --> src/vector.rs:319:13
    |
319 |             #[inline] default_fn!( sub_assign_element_wise(&mut self, rhs: $VectorN<S>) { $(self.$field -= rhs.$field);+ } );
    |             ^^^^^^^^^
...
374 | impl_vector!(Vector1 { x }, 1, vec1);
    | ------------------------------------ in this macro invocation
    |
    = warning: this was previously accepted by the compiler but is being phased out; it will become a hard error in a future release!
    = help: `#[inline]` can only be applied to functions
    = note: this warning originates in the macro `impl_vector` (in Nightly builds, run with -Z macro-backtrace for more info)

warning: `#[inline]` attribute cannot be used on macro calls
   --> src/vector.rs:320:13
    |
320 |             #[inline] default_fn!( mul_assign_element_wise(&mut self, rhs: $VectorN<S>) { $(self.$field *= rhs.$field);+ } );
    |             ^^^^^^^^^
...
374 | impl_vector!(Vector1 { x }, 1, vec1);
    | ------------------------------------ in this macro invocation
    |
    = warning: this was previously accepted by the compiler but is being phased out; it will become a hard error in a future release!
    = help: `#[inline]` can only be applied to functions
    = note: this warning originates in the macro `impl_vector` (in Nightly builds, run with -Z macro-backtrace for more info)

warning: `#[inline]` attribute cannot be used on macro calls
   --> src/vector.rs:321:13
    |
321 |             #[inline] default_fn!( div_assign_element_wise(&mut self, rhs: $VectorN<S>) { $(self.$field /= rhs.$field);+ } );
    |             ^^^^^^^^^
...
374 | impl_vector!(Vector1 { x }, 1, vec1);
    | ------------------------------------ in this macro invocation
    |
    = warning: this was previously accepted by the compiler but is being phased out; it will become a hard error in a future release!
    = help: `#[inline]` can only be applied to functions
    = note: this warning originates in the macro `impl_vector` (in Nightly builds, run with -Z macro-backtrace for more info)

warning: `#[inline]` attribute cannot be used on macro calls
   --> src/vector.rs:326:13
    |
326 |             #[inline] default_fn!( add_element_wise(self, rhs: S) -> $VectorN<S> { $VectorN::new($(self.$field + rhs),+) } );
    |             ^^^^^^^^^
...
374 | impl_vector!(Vector1 { x }, 1, vec1);
    | ------------------------------------ in this macro invocation
    |
    = warning: this was previously accepted by the compiler but is being phased out; it will become a hard error in a future release!
    = help: `#[inline]` can only be applied to functions
    = note: this warning originates in the macro `impl_vector` (in Nightly builds, run with -Z macro-backtrace for more info)

warning: `#[inline]` attribute cannot be used on macro calls
   --> src/vector.rs:327:13
    |
327 |             #[inline] default_fn!( sub_element_wise(self, rhs: S) -> $VectorN<S> { $VectorN::new($(self.$field - rhs),+) } );
    |             ^^^^^^^^^
...
374 | impl_vector!(Vector1 { x }, 1, vec1);
    | ------------------------------------ in this macro invocation
    |
    = warning: this was previously accepted by the compiler but is being phased out; it will become a hard error in a future release!
    = help: `#[inline]` can only be applied to functions
    = note: this warning originates in the macro `impl_vector` (in Nightly builds, run with -Z macro-backtrace for more info)

warning: `#[inline]` attribute cannot be used on macro calls
   --> src/vector.rs:328:13
    |
328 |             #[inline] default_fn!( mul_element_wise(self, rhs: S) -> $VectorN<S> { $VectorN::new($(self.$field * rhs),+) } );
    |             ^^^^^^^^^
...
374 | impl_vector!(Vector1 { x }, 1, vec1);
    | ------------------------------------ in this macro invocation
    |
    = warning: this was previously accepted by the compiler but is being phased out; it will become a hard error in a future release!
    = help: `#[inline]` can only be applied to functions
    = note: this warning originates in the macro `impl_vector` (in Nightly builds, run with -Z macro-backtrace for more info)

warning: `#[inline]` attribute cannot be used on macro calls
   --> src/vector.rs:329:13
    |
329 |             #[inline] default_fn!( div_element_wise(self, rhs: S) -> $VectorN<S> { $VectorN::new($(self.$field / rhs),+) } );
    |             ^^^^^^^^^
...
374 | impl_vector!(Vector1 { x }, 1, vec1);
    | ------------------------------------ in this macro invocation
    |
    = warning: this was previously accepted by the compiler but is being phased out; it will become a hard error in a future release!
    = help: `#[inline]` can only be applied to functions
    = note: this warning originates in the macro `impl_vector` (in Nightly builds, run with -Z macro-backtrace for more info)

warning: `#[inline]` attribute cannot be used on macro calls
   --> src/vector.rs:332:13
    |
332 |             #[inline] default_fn!( add_assign_element_wise(&mut self, rhs: S) { $(self.$field += rhs);+ } );
    |             ^^^^^^^^^
...
374 | impl_vector!(Vector1 { x }, 1, vec1);
    | ------------------------------------ in this macro invocation
    |
    = warning: this was previously accepted by the compiler but is being phased out; it will become a hard error in a future release!
    = help: `#[inline]` can only be applied to functions
    = note: this warning originates in the macro `impl_vector` (in Nightly builds, run with -Z macro-backtrace for more info)

warning: `#[inline]` attribute cannot be used on macro calls
   --> src/vector.rs:333:13
    |
333 |             #[inline] default_fn!( sub_assign_element_wise(&mut self, rhs: S) { $(self.$field -= rhs);+ } );
    |             ^^^^^^^^^
...
374 | impl_vector!(Vector1 { x }, 1, vec1);
    | ------------------------------------ in this macro invocation
    |
    = warning: this was previously accepted by the compiler but is being phased out; it will become a hard error in a future release!
    = help: `#[inline]` can only be applied to functions
    = note: this warning originates in the macro `impl_vector` (in Nightly builds, run with -Z macro-backtrace for more info)

warning: `#[inline]` attribute cannot be used on macro calls
   --> src/vector.rs:334:13
    |
334 |             #[inline] default_fn!( mul_assign_element_wise(&mut self, rhs: S) { $(self.$field *= rhs);+ } );
    |             ^^^^^^^^^
...
374 | impl_vector!(Vector1 { x }, 1, vec1);
    | ------------------------------------ in this macro invocation
    |
    = warning: this was previously accepted by the compiler but is being phased out; it will become a hard error in a future release!
    = help: `#[inline]` can only be applied to functions
    = note: this warning originates in the macro `impl_vector` (in Nightly builds, run with -Z macro-backtrace for more info)

warning: `#[inline]` attribute cannot be used on macro calls
   --> src/vector.rs:335:13
    |
335 |             #[inline] default_fn!( div_assign_element_wise(&mut self, rhs: S) { $(self.$field /= rhs);+ } );
    |             ^^^^^^^^^
...
374 | impl_vector!(Vector1 { x }, 1, vec1);
    | ------------------------------------ in this macro invocation
    |
    = warning: this was previously accepted by the compiler but is being phased out; it will become a hard error in a future release!
    = help: `#[inline]` can only be applied to functions
    = note: this warning originates in the macro `impl_vector` (in Nightly builds, run with -Z macro-backtrace for more info)

warning: `#[inline]` attribute cannot be used on macro calls
   --> src/macros.rs:114:13
    |
114 |             #[inline]
    |             ^^^^^^^^^
    |
   ::: src/vector.rs:374:1
    |
374 | impl_vector!(Vector1 { x }, 1, vec1);
    | ------------------------------------ in this macro invocation
    |
    = warning: this was previously accepted by the compiler but is being phased out; it will become a hard error in a future release!
    = help: `#[inline]` can only be applied to functions
    = note: this warning originates in the macro `impl_operator` which comes from the expansion of the macro `impl_vector` (in Nightly builds, run with -Z macro-backtrace for more info)

warning: `#[inline]` attribute cannot be used on macro calls
   --> src/macros.rs:122:13
    |
122 |             #[inline]
    |             ^^^^^^^^^
    |
   ::: src/vector.rs:374:1
    |
374 | impl_vector!(Vector1 { x }, 1, vec1);
    | ------------------------------------ in this macro invocation
    |
    = warning: this was previously accepted by the compiler but is being phased out; it will become a hard error in a future release!
    = help: `#[inline]` can only be applied to functions
    = note: this warning originates in the macro `impl_operator` which comes from the expansion of the macro `impl_vector` (in Nightly builds, run with -Z macro-backtrace for more info)

warning: `#[inline]` attribute cannot be used on macro calls
   --> src/vector.rs:212:13
    |
212 |             #[inline]
    |             ^^^^^^^^^
...
375 | impl_vector!(Vector2 { x, y }, 2, vec2);
    | --------------------------------------- in this macro invocation
    |
    = warning: this was previously accepted by the compiler but is being phased out; it will become a hard error in a future release!
    = help: `#[inline]` can only be applied to functions
    = note: this warning originates in the macro `impl_vector` (in Nightly builds, run with -Z macro-backtrace for more info)

warning: `#[inline]` attribute cannot be used on macro calls
   --> src/macros.rs:78:13
    |
 78 |             #[inline]
    |             ^^^^^^^^^
    |
   ::: src/vector.rs:375:1
    |
375 | impl_vector!(Vector2 { x, y }, 2, vec2);
    | --------------------------------------- in this macro invocation
    |
    = warning: this was previously accepted by the compiler but is being phased out; it will become a hard error in a future release!
    = help: `#[inline]` can only be applied to functions
    = note: this warning originates in the macro `impl_operator` which comes from the expansion of the macro `impl_vector` (in Nightly builds, run with -Z macro-backtrace for more info)

warning: `#[inline]` attribute cannot be used on macro calls
   --> src/macros.rs:86:13
    |
 86 |             #[inline]
    |             ^^^^^^^^^
    |
   ::: src/vector.rs:375:1
    |
375 | impl_vector!(Vector2 { x, y }, 2, vec2);
    | --------------------------------------- in this macro invocation
    |
    = warning: this was previously accepted by the compiler but is being phased out; it will become a hard error in a future release!
    = help: `#[inline]` can only be applied to functions
    = note: this warning originates in the macro `impl_operator` which comes from the expansion of the macro `impl_vector` (in Nightly builds, run with -Z macro-backtrace for more info)

warning: `#[inline]` attribute cannot be used on macro calls
   --> src/macros.rs:94:13
    |
 94 |             #[inline]
    |             ^^^^^^^^^
    |
   ::: src/vector.rs:375:1
    |
375 | impl_vector!(Vector2 { x, y }, 2, vec2);
    | --------------------------------------- in this macro invocation
    |
    = warning: this was previously accepted by the compiler but is being phased out; it will become a hard error in a future release!
    = help: `#[inline]` can only be applied to functions
    = note: this warning originates in the macro `impl_operator` which comes from the expansion of the macro `impl_vector` (in Nightly builds, run with -Z macro-backtrace for more info)

warning: `#[inline]` attribute cannot be used on macro calls
   --> src/macros.rs:102:13
    |
102 |             #[inline]
    |             ^^^^^^^^^
    |
   ::: src/vector.rs:375:1
    |
375 | impl_vector!(Vector2 { x, y }, 2, vec2);
    | --------------------------------------- in this macro invocation
    |
    = warning: this was previously accepted by the compiler but is being phased out; it will become a hard error in a future release!
    = help: `#[inline]` can only be applied to functions
    = note: this warning originates in the macro `impl_operator` which comes from the expansion of the macro `impl_vector` (in Nightly builds, run with -Z macro-backtrace for more info)

warning: `#[inline]` attribute cannot be used on macro calls
   --> src/macros.rs:135:13
    |
135 |             #[inline]
    |             ^^^^^^^^^
    |
   ::: src/vector.rs:375:1
    |
375 | impl_vector!(Vector2 { x, y }, 2, vec2);
    | --------------------------------------- in this macro invocation
    |
    = warning: this was previously accepted by the compiler but is being phased out; it will become a hard error in a future release!
    = help: `#[inline]` can only be applied to functions
    = note: this warning originates in the macro `impl_assignment_operator` which comes from the expansion of the macro `impl_vector` (in Nightly builds, run with -Z macro-backtrace for more info)

warning: `#[inline]` attribute cannot be used on macro calls
   --> src/macros.rs:58:13
    |
 58 |             #[inline]
    |             ^^^^^^^^^
    |
   ::: src/vector.rs:375:1
    |
375 | impl_vector!(Vector2 { x, y }, 2, vec2);
    | --------------------------------------- in this macro invocation
    |
    = warning: this was previously accepted by the compiler but is being phased out; it will become a hard error in a future release!
    = help: `#[inline]` can only be applied to functions
    = note: this warning originates in the macro `impl_operator` which comes from the expansion of the macro `impl_vector` (in Nightly builds, run with -Z macro-backtrace for more info)

warning: `#[inline]` attribute cannot be used on macro calls
   --> src/macros.rs:66:13
    |
 66 |             #[inline]
    |             ^^^^^^^^^
    |
   ::: src/vector.rs:375:1
    |
375 | impl_vector!(Vector2 { x, y }, 2, vec2);
    | --------------------------------------- in this macro invocation
    |
    = warning: this was previously accepted by the compiler but is being phased out; it will become a hard error in a future release!
    = help: `#[inline]` can only be applied to functions
    = note: this warning originates in the macro `impl_operator` which comes from the expansion of the macro `impl_vector` (in Nightly builds, run with -Z macro-backtrace for more info)

warning: `#[inline]` attribute cannot be used on macro calls
   --> src/vector.rs:312:13
    |
312 |             #[inline] default_fn!( add_element_wise(self, rhs: $VectorN<S>) -> $VectorN<S> { $VectorN::new($(self.$field + rhs.$fie...
    |             ^^^^^^^^^
...
375 | impl_vector!(Vector2 { x, y }, 2, vec2);
    | --------------------------------------- in this macro invocation
    |
    = warning: this was previously accepted by the compiler but is being phased out; it will become a hard error in a future release!
    = help: `#[inline]` can only be applied to functions
    = note: this warning originates in the macro `impl_vector` (in Nightly builds, run with -Z macro-backtrace for more info)

warning: `#[inline]` attribute cannot be used on macro calls
   --> src/vector.rs:313:13
    |
313 |             #[inline] default_fn!( sub_element_wise(self, rhs: $VectorN<S>) -> $VectorN<S> { $VectorN::new($(self.$field - rhs.$fie...
    |             ^^^^^^^^^
...
375 | impl_vector!(Vector2 { x, y }, 2, vec2);
    | --------------------------------------- in this macro invocation
    |
    = warning: this was previously accepted by the compiler but is being phased out; it will become a hard error in a future release!
    = help: `#[inline]` can only be applied to functions
    = note: this warning originates in the macro `impl_vector` (in Nightly builds, run with -Z macro-backtrace for more info)

warning: `#[inline]` attribute cannot be used on macro calls
   --> src/vector.rs:314:13
    |
314 |             #[inline] default_fn!( mul_element_wise(self, rhs: $VectorN<S>) -> $VectorN<S> { $VectorN::new($(self.$field * rhs.$fie...
    |             ^^^^^^^^^
...
375 | impl_vector!(Vector2 { x, y }, 2, vec2);
    | --------------------------------------- in this macro invocation
    |
    = warning: this was previously accepted by the compiler but is being phased out; it will become a hard error in a future release!
    = help: `#[inline]` can only be applied to functions
    = note: this warning originates in the macro `impl_vector` (in Nightly builds, run with -Z macro-backtrace for more info)

warning: `#[inline]` attribute cannot be used on macro calls
   --> src/vector.rs:315:13
    |
315 |             #[inline] default_fn!( div_element_wise(self, rhs: $VectorN<S>) -> $VectorN<S> { $VectorN::new($(self.$field / rhs.$fie...
    |             ^^^^^^^^^
...
375 | impl_vector!(Vector2 { x, y }, 2, vec2);
    | --------------------------------------- in this macro invocation
    |
    = warning: this was previously accepted by the compiler but is being phased out; it will become a hard error in a future release!
    = help: `#[inline]` can only be applied to functions
    = note: this warning originates in the macro `impl_vector` (in Nightly builds, run with -Z macro-backtrace for more info)

warning: `#[inline]` attribute cannot be used on macro calls
   --> src/vector.rs:318:13
    |
318 |             #[inline] default_fn!( add_assign_element_wise(&mut self, rhs: $VectorN<S>) { $(self.$field += rhs.$field);+ } );
    |             ^^^^^^^^^
...
375 | impl_vector!(Vector2 { x, y }, 2, vec2);
    | --------------------------------------- in this macro invocation
    |
    = warning: this was previously accepted by the compiler but is being phased out; it will become a hard error in a future release!
    = help: `#[inline]` can only be applied to functions
    = note: this warning originates in the macro `impl_vector` (in Nightly builds, run with -Z macro-backtrace for more info)

warning: `#[inline]` attribute cannot be used on macro calls
   --> src/vector.rs:319:13
    |
319 |             #[inline] default_fn!( sub_assign_element_wise(&mut self, rhs: $VectorN<S>) { $(self.$field -= rhs.$field);+ } );
    |             ^^^^^^^^^
...
375 | impl_vector!(Vector2 { x, y }, 2, vec2);
    | --------------------------------------- in this macro invocation
    |
    = warning: this was previously accepted by the compiler but is being phased out; it will become a hard error in a future release!
    = help: `#[inline]` can only be applied to functions
    = note: this warning originates in the macro `impl_vector` (in Nightly builds, run with -Z macro-backtrace for more info)

warning: `#[inline]` attribute cannot be used on macro calls
   --> src/vector.rs:320:13
    |
320 |             #[inline] default_fn!( mul_assign_element_wise(&mut self, rhs: $VectorN<S>) { $(self.$field *= rhs.$field);+ } );
    |             ^^^^^^^^^
...
375 | impl_vector!(Vector2 { x, y }, 2, vec2);
    | --------------------------------------- in this macro invocation
    |
    = warning: this was previously accepted by the compiler but is being phased out; it will become a hard error in a future release!
    = help: `#[inline]` can only be applied to functions
    = note: this warning originates in the macro `impl_vector` (in Nightly builds, run with -Z macro-backtrace for more info)

warning: `#[inline]` attribute cannot be used on macro calls
   --> src/vector.rs:321:13
    |
321 |             #[inline] default_fn!( div_assign_element_wise(&mut self, rhs: $VectorN<S>) { $(self.$field /= rhs.$field);+ } );
    |             ^^^^^^^^^
...
375 | impl_vector!(Vector2 { x, y }, 2, vec2);
    | --------------------------------------- in this macro invocation
    |
    = warning: this was previously accepted by the compiler but is being phased out; it will become a hard error in a future release!
    = help: `#[inline]` can only be applied to functions
    = note: this warning originates in the macro `impl_vector` (in Nightly builds, run with -Z macro-backtrace for more info)

warning: `#[inline]` attribute cannot be used on macro calls
   --> src/vector.rs:326:13
    |
326 |             #[inline] default_fn!( add_element_wise(self, rhs: S) -> $VectorN<S> { $VectorN::new($(self.$field + rhs),+) } );
    |             ^^^^^^^^^
...
375 | impl_vector!(Vector2 { x, y }, 2, vec2);
    | --------------------------------------- in this macro invocation
    |
    = warning: this was previously accepted by the compiler but is being phased out; it will become a hard error in a future release!
    = help: `#[inline]` can only be applied to functions
    = note: this warning originates in the macro `impl_vector` (in Nightly builds, run with -Z macro-backtrace for more info)

warning: `#[inline]` attribute cannot be used on macro calls
   --> src/vector.rs:327:13
    |
327 |             #[inline] default_fn!( sub_element_wise(self, rhs: S) -> $VectorN<S> { $VectorN::new($(self.$field - rhs),+) } );
    |             ^^^^^^^^^
...
375 | impl_vector!(Vector2 { x, y }, 2, vec2);
    | --------------------------------------- in this macro invocation
    |
    = warning: this was previously accepted by the compiler but is being phased out; it will become a hard error in a future release!
    = help: `#[inline]` can only be applied to functions
    = note: this warning originates in the macro `impl_vector` (in Nightly builds, run with -Z macro-backtrace for more info)

warning: `#[inline]` attribute cannot be used on macro calls
   --> src/vector.rs:328:13
    |
328 |             #[inline] default_fn!( mul_element_wise(self, rhs: S) -> $VectorN<S> { $VectorN::new($(self.$field * rhs),+) } );
    |             ^^^^^^^^^
...
375 | impl_vector!(Vector2 { x, y }, 2, vec2);
    | --------------------------------------- in this macro invocation
    |
    = warning: this was previously accepted by the compiler but is being phased out; it will become a hard error in a future release!
    = help: `#[inline]` can only be applied to functions
    = note: this warning originates in the macro `impl_vector` (in Nightly builds, run with -Z macro-backtrace for more info)

warning: `#[inline]` attribute cannot be used on macro calls
   --> src/vector.rs:329:13
    |
329 |             #[inline] default_fn!( div_element_wise(self, rhs: S) -> $VectorN<S> { $VectorN::new($(self.$field / rhs),+) } );
    |             ^^^^^^^^^
...
375 | impl_vector!(Vector2 { x, y }, 2, vec2);
    | --------------------------------------- in this macro invocation
    |
    = warning: this was previously accepted by the compiler but is being phased out; it will become a hard error in a future release!
    = help: `#[inline]` can only be applied to functions
    = note: this warning originates in the macro `impl_vector` (in Nightly builds, run with -Z macro-backtrace for more info)

warning: `#[inline]` attribute cannot be used on macro calls
   --> src/vector.rs:332:13
    |
332 |             #[inline] default_fn!( add_assign_element_wise(&mut self, rhs: S) { $(self.$field += rhs);+ } );
    |             ^^^^^^^^^
...
375 | impl_vector!(Vector2 { x, y }, 2, vec2);
    | --------------------------------------- in this macro invocation
    |
    = warning: this was previously accepted by the compiler but is being phased out; it will become a hard error in a future release!
    = help: `#[inline]` can only be applied to functions
    = note: this warning originates in the macro `impl_vector` (in Nightly builds, run with -Z macro-backtrace for more info)

warning: `#[inline]` attribute cannot be used on macro calls
   --> src/vector.rs:333:13
    |
333 |             #[inline] default_fn!( sub_assign_element_wise(&mut self, rhs: S) { $(self.$field -= rhs);+ } );
    |             ^^^^^^^^^
...
375 | impl_vector!(Vector2 { x, y }, 2, vec2);
    | --------------------------------------- in this macro invocation
    |
    = warning: this was previously accepted by the compiler but is being phased out; it will become a hard error in a future release!
    = help: `#[inline]` can only be applied to functions
    = note: this warning originates in the macro `impl_vector` (in Nightly builds, run with -Z macro-backtrace for more info)

warning: `#[inline]` attribute cannot be used on macro calls
   --> src/vector.rs:334:13
    |
334 |             #[inline] default_fn!( mul_assign_element_wise(&mut self, rhs: S) { $(self.$field *= rhs);+ } );
    |             ^^^^^^^^^
...
375 | impl_vector!(Vector2 { x, y }, 2, vec2);
    | --------------------------------------- in this macro invocation
    |
    = warning: this was previously accepted by the compiler but is being phased out; it will become a hard error in a future release!
    = help: `#[inline]` can only be applied to functions
    = note: this warning originates in the macro `impl_vector` (in Nightly builds, run with -Z macro-backtrace for more info)

warning: `#[inline]` attribute cannot be used on macro calls
   --> src/vector.rs:335:13
    |
335 |             #[inline] default_fn!( div_assign_element_wise(&mut self, rhs: S) { $(self.$field /= rhs);+ } );
    |             ^^^^^^^^^
...
375 | impl_vector!(Vector2 { x, y }, 2, vec2);
    | --------------------------------------- in this macro invocation
    |
    = warning: this was previously accepted by the compiler but is being phased out; it will become a hard error in a future release!
    = help: `#[inline]` can only be applied to functions
    = note: this warning originates in the macro `impl_vector` (in Nightly builds, run with -Z macro-backtrace for more info)

warning: `#[inline]` attribute cannot be used on macro calls
   --> src/macros.rs:114:13
    |
114 |             #[inline]
    |             ^^^^^^^^^
    |
   ::: src/vector.rs:375:1
    |
375 | impl_vector!(Vector2 { x, y }, 2, vec2);
    | --------------------------------------- in this macro invocation
    |
    = warning: this was previously accepted by the compiler but is being phased out; it will become a hard error in a future release!
    = help: `#[inline]` can only be applied to functions
    = note: this warning originates in the macro `impl_operator` which comes from the expansion of the macro `impl_vector` (in Nightly builds, run with -Z macro-backtrace for more info)

warning: `#[inline]` attribute cannot be used on macro calls
   --> src/macros.rs:122:13
    |
122 |             #[inline]
    |             ^^^^^^^^^
    |
   ::: src/vector.rs:375:1
    |
375 | impl_vector!(Vector2 { x, y }, 2, vec2);
    | --------------------------------------- in this macro invocation
    |
    = warning: this was previously accepted by the compiler but is being phased out; it will become a hard error in a future release!
    = help: `#[inline]` can only be applied to functions
    = note: this warning originates in the macro `impl_operator` which comes from the expansion of the macro `impl_vector` (in Nightly builds, run with -Z macro-backtrace for more info)

warning: `#[inline]` attribute cannot be used on macro calls
   --> src/vector.rs:212:13
    |
212 |             #[inline]
    |             ^^^^^^^^^
...
376 | impl_vector!(Vector3 { x, y, z }, 3, vec3);
    | ------------------------------------------ in this macro invocation
    |
    = warning: this was previously accepted by the compiler but is being phased out; it will become a hard error in a future release!
    = help: `#[inline]` can only be applied to functions
    = note: this warning originates in the macro `impl_vector` (in Nightly builds, run with -Z macro-backtrace for more info)

warning: `#[inline]` attribute cannot be used on macro calls
   --> src/macros.rs:78:13
    |
 78 |             #[inline]
    |             ^^^^^^^^^
    |
   ::: src/vector.rs:376:1
    |
376 | impl_vector!(Vector3 { x, y, z }, 3, vec3);
    | ------------------------------------------ in this macro invocation
    |
    = warning: this was previously accepted by the compiler but is being phased out; it will become a hard error in a future release!
    = help: `#[inline]` can only be applied to functions
    = note: this warning originates in the macro `impl_operator` which comes from the expansion of the macro `impl_vector` (in Nightly builds, run with -Z macro-backtrace for more info)

warning: `#[inline]` attribute cannot be used on macro calls
   --> src/macros.rs:86:13
    |
 86 |             #[inline]
    |             ^^^^^^^^^
    |
   ::: src/vector.rs:376:1
    |
376 | impl_vector!(Vector3 { x, y, z }, 3, vec3);
    | ------------------------------------------ in this macro invocation
    |
    = warning: this was previously accepted by the compiler but is being phased out; it will become a hard error in a future release!
    = help: `#[inline]` can only be applied to functions
    = note: this warning originates in the macro `impl_operator` which comes from the expansion of the macro `impl_vector` (in Nightly builds, run with -Z macro-backtrace for more info)

warning: `#[inline]` attribute cannot be used on macro calls
   --> src/macros.rs:94:13
    |
 94 |             #[inline]
    |             ^^^^^^^^^
    |
   ::: src/vector.rs:376:1
    |
376 | impl_vector!(Vector3 { x, y, z }, 3, vec3);
    | ------------------------------------------ in this macro invocation
    |
    = warning: this was previously accepted by the compiler but is being phased out; it will become a hard error in a future release!
    = help: `#[inline]` can only be applied to functions
    = note: this warning originates in the macro `impl_operator` which comes from the expansion of the macro `impl_vector` (in Nightly builds, run with -Z macro-backtrace for more info)

warning: `#[inline]` attribute cannot be used on macro calls
   --> src/macros.rs:102:13
    |
102 |             #[inline]
    |             ^^^^^^^^^
    |
   ::: src/vector.rs:376:1
    |
376 | impl_vector!(Vector3 { x, y, z }, 3, vec3);
    | ------------------------------------------ in this macro invocation
    |
    = warning: this was previously accepted by the compiler but is being phased out; it will become a hard error in a future release!
    = help: `#[inline]` can only be applied to functions
    = note: this warning originates in the macro `impl_operator` which comes from the expansion of the macro `impl_vector` (in Nightly builds, run with -Z macro-backtrace for more info)

warning: `#[inline]` attribute cannot be used on macro calls
   --> src/macros.rs:135:13
    |
135 |             #[inline]
    |             ^^^^^^^^^
    |
   ::: src/vector.rs:376:1
    |
376 | impl_vector!(Vector3 { x, y, z }, 3, vec3);
    | ------------------------------------------ in this macro invocation
    |
    = warning: this was previously accepted by the compiler but is being phased out; it will become a hard error in a future release!
    = help: `#[inline]` can only be applied to functions
    = note: this warning originates in the macro `impl_assignment_operator` which comes from the expansion of the macro `impl_vector` (in Nightly builds, run with -Z macro-backtrace for more info)

warning: `#[inline]` attribute cannot be used on macro calls
   --> src/macros.rs:58:13
    |
 58 |             #[inline]
    |             ^^^^^^^^^
    |
   ::: src/vector.rs:376:1
    |
376 | impl_vector!(Vector3 { x, y, z }, 3, vec3);
    | ------------------------------------------ in this macro invocation
    |
    = warning: this was previously accepted by the compiler but is being phased out; it will become a hard error in a future release!
    = help: `#[inline]` can only be applied to functions
    = note: this warning originates in the macro `impl_operator` which comes from the expansion of the macro `impl_vector` (in Nightly builds, run with -Z macro-backtrace for more info)

warning: `#[inline]` attribute cannot be used on macro calls
   --> src/macros.rs:66:13
    |
 66 |             #[inline]
    |             ^^^^^^^^^
    |
   ::: src/vector.rs:376:1
    |
376 | impl_vector!(Vector3 { x, y, z }, 3, vec3);
    | ------------------------------------------ in this macro invocation
    |
    = warning: this was previously accepted by the compiler but is being phased out; it will become a hard error in a future release!
    = help: `#[inline]` can only be applied to functions
    = note: this warning originates in the macro `impl_operator` which comes from the expansion of the macro `impl_vector` (in Nightly builds, run with -Z macro-backtrace for more info)

warning: `#[inline]` attribute cannot be used on macro calls
   --> src/vector.rs:312:13
    |
312 |             #[inline] default_fn!( add_element_wise(self, rhs: $VectorN<S>) -> $VectorN<S> { $VectorN::new($(self.$field + rhs.$fie...
    |             ^^^^^^^^^
...
376 | impl_vector!(Vector3 { x, y, z }, 3, vec3);
    | ------------------------------------------ in this macro invocation
    |
    = warning: this was previously accepted by the compiler but is being phased out; it will become a hard error in a future release!
    = help: `#[inline]` can only be applied to functions
    = note: this warning originates in the macro `impl_vector` (in Nightly builds, run with -Z macro-backtrace for more info)

warning: `#[inline]` attribute cannot be used on macro calls
   --> src/vector.rs:313:13
    |
313 |             #[inline] default_fn!( sub_element_wise(self, rhs: $VectorN<S>) -> $VectorN<S> { $VectorN::new($(self.$field - rhs.$fie...
    |             ^^^^^^^^^
...
376 | impl_vector!(Vector3 { x, y, z }, 3, vec3);
    | ------------------------------------------ in this macro invocation
    |
    = warning: this was previously accepted by the compiler but is being phased out; it will become a hard error in a future release!
    = help: `#[inline]` can only be applied to functions
    = note: this warning originates in the macro `impl_vector` (in Nightly builds, run with -Z macro-backtrace for more info)

warning: `#[inline]` attribute cannot be used on macro calls
   --> src/vector.rs:314:13
    |
314 |             #[inline] default_fn!( mul_element_wise(self, rhs: $VectorN<S>) -> $VectorN<S> { $VectorN::new($(self.$field * rhs.$fie...
    |             ^^^^^^^^^
...
376 | impl_vector!(Vector3 { x, y, z }, 3, vec3);
    | ------------------------------------------ in this macro invocation
    |
    = warning: this was previously accepted by the compiler but is being phased out; it will become a hard error in a future release!
    = help: `#[inline]` can only be applied to functions
    = note: this warning originates in the macro `impl_vector` (in Nightly builds, run with -Z macro-backtrace for more info)

warning: `#[inline]` attribute cannot be used on macro calls
   --> src/vector.rs:315:13
    |
315 |             #[inline] default_fn!( div_element_wise(self, rhs: $VectorN<S>) -> $VectorN<S> { $VectorN::new($(self.$field / rhs.$fie...
    |             ^^^^^^^^^
...
376 | impl_vector!(Vector3 { x, y, z }, 3, vec3);
    | ------------------------------------------ in this macro invocation
    |
    = warning: this was previously accepted by the compiler but is being phased out; it will become a hard error in a future release!
    = help: `#[inline]` can only be applied to functions
    = note: this warning originates in the macro `impl_vector` (in Nightly builds, run with -Z macro-backtrace for more info)

warning: `#[inline]` attribute cannot be used on macro calls
   --> src/vector.rs:318:13
    |
318 |             #[inline] default_fn!( add_assign_element_wise(&mut self, rhs: $VectorN<S>) { $(self.$field += rhs.$field);+ } );
    |             ^^^^^^^^^
...
376 | impl_vector!(Vector3 { x, y, z }, 3, vec3);
    | ------------------------------------------ in this macro invocation
    |
    = warning: this was previously accepted by the compiler but is being phased out; it will become a hard error in a future release!
    = help: `#[inline]` can only be applied to functions
    = note: this warning originates in the macro `impl_vector` (in Nightly builds, run with -Z macro-backtrace for more info)

warning: `#[inline]` attribute cannot be used on macro calls
   --> src/vector.rs:319:13
    |
319 |             #[inline] default_fn!( sub_assign_element_wise(&mut self, rhs: $VectorN<S>) { $(self.$field -= rhs.$field);+ } );
    |             ^^^^^^^^^
...
376 | impl_vector!(Vector3 { x, y, z }, 3, vec3);
    | ------------------------------------------ in this macro invocation
    |
    = warning: this was previously accepted by the compiler but is being phased out; it will become a hard error in a future release!
    = help: `#[inline]` can only be applied to functions
    = note: this warning originates in the macro `impl_vector` (in Nightly builds, run with -Z macro-backtrace for more info)

warning: `#[inline]` attribute cannot be used on macro calls
   --> src/vector.rs:320:13
    |
320 |             #[inline] default_fn!( mul_assign_element_wise(&mut self, rhs: $VectorN<S>) { $(self.$field *= rhs.$field);+ } );
    |             ^^^^^^^^^
...
376 | impl_vector!(Vector3 { x, y, z }, 3, vec3);
    | ------------------------------------------ in this macro invocation
    |
    = warning: this was previously accepted by the compiler but is being phased out; it will become a hard error in a future release!
    = help: `#[inline]` can only be applied to functions
    = note: this warning originates in the macro `impl_vector` (in Nightly builds, run with -Z macro-backtrace for more info)

warning: `#[inline]` attribute cannot be used on macro calls
   --> src/vector.rs:321:13
    |
321 |             #[inline] default_fn!( div_assign_element_wise(&mut self, rhs: $VectorN<S>) { $(self.$field /= rhs.$field);+ } );
    |             ^^^^^^^^^
...
376 | impl_vector!(Vector3 { x, y, z }, 3, vec3);
    | ------------------------------------------ in this macro invocation
    |
    = warning: this was previously accepted by the compiler but is being phased out; it will become a hard error in a future release!
    = help: `#[inline]` can only be applied to functions
    = note: this warning originates in the macro `impl_vector` (in Nightly builds, run with -Z macro-backtrace for more info)

warning: `#[inline]` attribute cannot be used on macro calls
   --> src/vector.rs:326:13
    |
326 |             #[inline] default_fn!( add_element_wise(self, rhs: S) -> $VectorN<S> { $VectorN::new($(self.$field + rhs),+) } );
    |             ^^^^^^^^^
...
376 | impl_vector!(Vector3 { x, y, z }, 3, vec3);
    | ------------------------------------------ in this macro invocation
    |
    = warning: this was previously accepted by the compiler but is being phased out; it will become a hard error in a future release!
    = help: `#[inline]` can only be applied to functions
    = note: this warning originates in the macro `impl_vector` (in Nightly builds, run with -Z macro-backtrace for more info)

warning: `#[inline]` attribute cannot be used on macro calls
   --> src/vector.rs:327:13
    |
327 |             #[inline] default_fn!( sub_element_wise(self, rhs: S) -> $VectorN<S> { $VectorN::new($(self.$field - rhs),+) } );
    |             ^^^^^^^^^
...
376 | impl_vector!(Vector3 { x, y, z }, 3, vec3);
    | ------------------------------------------ in this macro invocation
    |
    = warning: this was previously accepted by the compiler but is being phased out; it will become a hard error in a future release!
    = help: `#[inline]` can only be applied to functions
    = note: this warning originates in the macro `impl_vector` (in Nightly builds, run with -Z macro-backtrace for more info)

warning: `#[inline]` attribute cannot be used on macro calls
   --> src/vector.rs:328:13
    |
328 |             #[inline] default_fn!( mul_element_wise(self, rhs: S) -> $VectorN<S> { $VectorN::new($(self.$field * rhs),+) } );
    |             ^^^^^^^^^
...
376 | impl_vector!(Vector3 { x, y, z }, 3, vec3);
    | ------------------------------------------ in this macro invocation
    |
    = warning: this was previously accepted by the compiler but is being phased out; it will become a hard error in a future release!
    = help: `#[inline]` can only be applied to functions
    = note: this warning originates in the macro `impl_vector` (in Nightly builds, run with -Z macro-backtrace for more info)

warning: `#[inline]` attribute cannot be used on macro calls
   --> src/vector.rs:329:13
    |
329 |             #[inline] default_fn!( div_element_wise(self, rhs: S) -> $VectorN<S> { $VectorN::new($(self.$field / rhs),+) } );
    |             ^^^^^^^^^
...
376 | impl_vector!(Vector3 { x, y, z }, 3, vec3);
    | ------------------------------------------ in this macro invocation
    |
    = warning: this was previously accepted by the compiler but is being phased out; it will become a hard error in a future release!
    = help: `#[inline]` can only be applied to functions
    = note: this warning originates in the macro `impl_vector` (in Nightly builds, run with -Z macro-backtrace for more info)

warning: `#[inline]` attribute cannot be used on macro calls
   --> src/vector.rs:332:13
    |
332 |             #[inline] default_fn!( add_assign_element_wise(&mut self, rhs: S) { $(self.$field += rhs);+ } );
    |             ^^^^^^^^^
...
376 | impl_vector!(Vector3 { x, y, z }, 3, vec3);
    | ------------------------------------------ in this macro invocation
    |
    = warning: this was previously accepted by the compiler but is being phased out; it will become a hard error in a future release!
    = help: `#[inline]` can only be applied to functions
    = note: this warning originates in the macro `impl_vector` (in Nightly builds, run with -Z macro-backtrace for more info)

warning: `#[inline]` attribute cannot be used on macro calls
   --> src/vector.rs:333:13
    |
333 |             #[inline] default_fn!( sub_assign_element_wise(&mut self, rhs: S) { $(self.$field -= rhs);+ } );
    |             ^^^^^^^^^
...
376 | impl_vector!(Vector3 { x, y, z }, 3, vec3);
    | ------------------------------------------ in this macro invocation
    |
    = warning: this was previously accepted by the compiler but is being phased out; it will become a hard error in a future release!
    = help: `#[inline]` can only be applied to functions
    = note: this warning originates in the macro `impl_vector` (in Nightly builds, run with -Z macro-backtrace for more info)

warning: `#[inline]` attribute cannot be used on macro calls
   --> src/vector.rs:334:13
    |
334 |             #[inline] default_fn!( mul_assign_element_wise(&mut self, rhs: S) { $(self.$field *= rhs);+ } );
    |             ^^^^^^^^^
...
376 | impl_vector!(Vector3 { x, y, z }, 3, vec3);
    | ------------------------------------------ in this macro invocation
    |
    = warning: this was previously accepted by the compiler but is being phased out; it will become a hard error in a future release!
    = help: `#[inline]` can only be applied to functions
    = note: this warning originates in the macro `impl_vector` (in Nightly builds, run with -Z macro-backtrace for more info)

warning: `#[inline]` attribute cannot be used on macro calls
   --> src/vector.rs:335:13
    |
335 |             #[inline] default_fn!( div_assign_element_wise(&mut self, rhs: S) { $(self.$field /= rhs);+ } );
    |             ^^^^^^^^^
...
376 | impl_vector!(Vector3 { x, y, z }, 3, vec3);
    | ------------------------------------------ in this macro invocation
    |
    = warning: this was previously accepted by the compiler but is being phased out; it will become a hard error in a future release!
    = help: `#[inline]` can only be applied to functions
    = note: this warning originates in the macro `impl_vector` (in Nightly builds, run with -Z macro-backtrace for more info)

warning: `#[inline]` attribute cannot be used on macro calls
   --> src/macros.rs:114:13
    |
114 |             #[inline]
    |             ^^^^^^^^^
    |
   ::: src/vector.rs:376:1
    |
376 | impl_vector!(Vector3 { x, y, z }, 3, vec3);
    | ------------------------------------------ in this macro invocation
    |
    = warning: this was previously accepted by the compiler but is being phased out; it will become a hard error in a future release!
    = help: `#[inline]` can only be applied to functions
    = note: this warning originates in the macro `impl_operator` which comes from the expansion of the macro `impl_vector` (in Nightly builds, run with -Z macro-backtrace for more info)

warning: `#[inline]` attribute cannot be used on macro calls
   --> src/macros.rs:122:13
    |
122 |             #[inline]
    |             ^^^^^^^^^
    |
   ::: src/vector.rs:376:1
    |
376 | impl_vector!(Vector3 { x, y, z }, 3, vec3);
    | ------------------------------------------ in this macro invocation
    |
    = warning: this was previously accepted by the compiler but is being phased out; it will become a hard error in a future release!
    = help: `#[inline]` can only be applied to functions
    = note: this warning originates in the macro `impl_operator` which comes from the expansion of the macro `impl_vector` (in Nightly builds, run with -Z macro-backtrace for more info)

warning: `#[inline]` attribute cannot be used on macro calls
   --> src/vector.rs:212:13
    |
212 |             #[inline]
    |             ^^^^^^^^^
...
377 | impl_vector!(Vector4 { x, y, z, w }, 4, vec4);
    | --------------------------------------------- in this macro invocation
    |
    = warning: this was previously accepted by the compiler but is being phased out; it will become a hard error in a future release!
    = help: `#[inline]` can only be applied to functions
    = note: this warning originates in the macro `impl_vector` (in Nightly builds, run with -Z macro-backtrace for more info)

warning: `#[inline]` attribute cannot be used on macro calls
   --> src/macros.rs:78:13
    |
 78 |             #[inline]
    |             ^^^^^^^^^
    |
   ::: src/vector.rs:377:1
    |
377 | impl_vector!(Vector4 { x, y, z, w }, 4, vec4);
    | --------------------------------------------- in this macro invocation
    |
    = warning: this was previously accepted by the compiler but is being phased out; it will become a hard error in a future release!
    = help: `#[inline]` can only be applied to functions
    = note: this warning originates in the macro `impl_operator` which comes from the expansion of the macro `impl_vector` (in Nightly builds, run with -Z macro-backtrace for more info)

warning: `#[inline]` attribute cannot be used on macro calls
   --> src/macros.rs:86:13
    |
 86 |             #[inline]
    |             ^^^^^^^^^
    |
   ::: src/vector.rs:377:1
    |
377 | impl_vector!(Vector4 { x, y, z, w }, 4, vec4);
    | --------------------------------------------- in this macro invocation
    |
    = warning: this was previously accepted by the compiler but is being phased out; it will become a hard error in a future release!
    = help: `#[inline]` can only be applied to functions
    = note: this warning originates in the macro `impl_operator` which comes from the expansion of the macro `impl_vector` (in Nightly builds, run with -Z macro-backtrace for more info)

warning: `#[inline]` attribute cannot be used on macro calls
   --> src/macros.rs:94:13
    |
 94 |             #[inline]
    |             ^^^^^^^^^
    |
   ::: src/vector.rs:377:1
    |
377 | impl_vector!(Vector4 { x, y, z, w }, 4, vec4);
    | --------------------------------------------- in this macro invocation
    |
    = warning: this was previously accepted by the compiler but is being phased out; it will become a hard error in a future release!
    = help: `#[inline]` can only be applied to functions
    = note: this warning originates in the macro `impl_operator` which comes from the expansion of the macro `impl_vector` (in Nightly builds, run with -Z macro-backtrace for more info)

warning: `#[inline]` attribute cannot be used on macro calls
   --> src/macros.rs:102:13
    |
102 |             #[inline]
    |             ^^^^^^^^^
    |
   ::: src/vector.rs:377:1
    |
377 | impl_vector!(Vector4 { x, y, z, w }, 4, vec4);
    | --------------------------------------------- in this macro invocation
    |
    = warning: this was previously accepted by the compiler but is being phased out; it will become a hard error in a future release!
    = help: `#[inline]` can only be applied to functions
    = note: this warning originates in the macro `impl_operator` which comes from the expansion of the macro `impl_vector` (in Nightly builds, run with -Z macro-backtrace for more info)

warning: `#[inline]` attribute cannot be used on macro calls
   --> src/macros.rs:135:13
    |
135 |             #[inline]
    |             ^^^^^^^^^
    |
   ::: src/vector.rs:377:1
    |
377 | impl_vector!(Vector4 { x, y, z, w }, 4, vec4);
    | --------------------------------------------- in this macro invocation
    |
    = warning: this was previously accepted by the compiler but is being phased out; it will become a hard error in a future release!
    = help: `#[inline]` can only be applied to functions
    = note: this warning originates in the macro `impl_assignment_operator` which comes from the expansion of the macro `impl_vector` (in Nightly builds, run with -Z macro-backtrace for more info)

warning: `#[inline]` attribute cannot be used on macro calls
   --> src/macros.rs:58:13
    |
 58 |             #[inline]
    |             ^^^^^^^^^
    |
   ::: src/vector.rs:377:1
    |
377 | impl_vector!(Vector4 { x, y, z, w }, 4, vec4);
    | --------------------------------------------- in this macro invocation
    |
    = warning: this was previously accepted by the compiler but is being phased out; it will become a hard error in a future release!
    = help: `#[inline]` can only be applied to functions
    = note: this warning originates in the macro `impl_operator` which comes from the expansion of the macro `impl_vector` (in Nightly builds, run with -Z macro-backtrace for more info)

warning: `#[inline]` attribute cannot be used on macro calls
   --> src/macros.rs:66:13
    |
 66 |             #[inline]
    |             ^^^^^^^^^
    |
   ::: src/vector.rs:377:1
    |
377 | impl_vector!(Vector4 { x, y, z, w }, 4, vec4);
    | --------------------------------------------- in this macro invocation
    |
    = warning: this was previously accepted by the compiler but is being phased out; it will become a hard error in a future release!
    = help: `#[inline]` can only be applied to functions
    = note: this warning originates in the macro `impl_operator` which comes from the expansion of the macro `impl_vector` (in Nightly builds, run with -Z macro-backtrace for more info)

warning: `#[inline]` attribute cannot be used on macro calls
   --> src/vector.rs:312:13
    |
312 |             #[inline] default_fn!( add_element_wise(self, rhs: $VectorN<S>) -> $VectorN<S> { $VectorN::new($(self.$field + rhs.$fie...
    |             ^^^^^^^^^
...
377 | impl_vector!(Vector4 { x, y, z, w }, 4, vec4);
    | --------------------------------------------- in this macro invocation
    |
    = warning: this was previously accepted by the compiler but is being phased out; it will become a hard error in a future release!
    = help: `#[inline]` can only be applied to functions
    = note: this warning originates in the macro `impl_vector` (in Nightly builds, run with -Z macro-backtrace for more info)

warning: `#[inline]` attribute cannot be used on macro calls
   --> src/vector.rs:313:13
    |
313 |             #[inline] default_fn!( sub_element_wise(self, rhs: $VectorN<S>) -> $VectorN<S> { $VectorN::new($(self.$field - rhs.$fie...
    |             ^^^^^^^^^
...
377 | impl_vector!(Vector4 { x, y, z, w }, 4, vec4);
    | --------------------------------------------- in this macro invocation
    |
    = warning: this was previously accepted by the compiler but is being phased out; it will become a hard error in a future release!
    = help: `#[inline]` can only be applied to functions
    = note: this warning originates in the macro `impl_vector` (in Nightly builds, run with -Z macro-backtrace for more info)

warning: `#[inline]` attribute cannot be used on macro calls
   --> src/vector.rs:314:13
    |
314 |             #[inline] default_fn!( mul_element_wise(self, rhs: $VectorN<S>) -> $VectorN<S> { $VectorN::new($(self.$field * rhs.$fie...
    |             ^^^^^^^^^
...
377 | impl_vector!(Vector4 { x, y, z, w }, 4, vec4);
    | --------------------------------------------- in this macro invocation
    |
    = warning: this was previously accepted by the compiler but is being phased out; it will become a hard error in a future release!
    = help: `#[inline]` can only be applied to functions
    = note: this warning originates in the macro `impl_vector` (in Nightly builds, run with -Z macro-backtrace for more info)

warning: `#[inline]` attribute cannot be used on macro calls
   --> src/vector.rs:315:13
    |
315 |             #[inline] default_fn!( div_element_wise(self, rhs: $VectorN<S>) -> $VectorN<S> { $VectorN::new($(self.$field / rhs.$fie...
    |             ^^^^^^^^^
...
377 | impl_vector!(Vector4 { x, y, z, w }, 4, vec4);
    | --------------------------------------------- in this macro invocation
    |
    = warning: this was previously accepted by the compiler but is being phased out; it will become a hard error in a future release!
    = help: `#[inline]` can only be applied to functions
    = note: this warning originates in the macro `impl_vector` (in Nightly builds, run with -Z macro-backtrace for more info)

warning: `#[inline]` attribute cannot be used on macro calls
   --> src/vector.rs:318:13
    |
318 |             #[inline] default_fn!( add_assign_element_wise(&mut self, rhs: $VectorN<S>) { $(self.$field += rhs.$field);+ } );
    |             ^^^^^^^^^
...
377 | impl_vector!(Vector4 { x, y, z, w }, 4, vec4);
    | --------------------------------------------- in this macro invocation
    |
    = warning: this was previously accepted by the compiler but is being phased out; it will become a hard error in a future release!
    = help: `#[inline]` can only be applied to functions
    = note: this warning originates in the macro `impl_vector` (in Nightly builds, run with -Z macro-backtrace for more info)

warning: `#[inline]` attribute cannot be used on macro calls
   --> src/vector.rs:319:13
    |
319 |             #[inline] default_fn!( sub_assign_element_wise(&mut self, rhs: $VectorN<S>) { $(self.$field -= rhs.$field);+ } );
    |             ^^^^^^^^^
...
377 | impl_vector!(Vector4 { x, y, z, w }, 4, vec4);
    | --------------------------------------------- in this macro invocation
    |
    = warning: this was previously accepted by the compiler but is being phased out; it will become a hard error in a future release!
    = help: `#[inline]` can only be applied to functions
    = note: this warning originates in the macro `impl_vector` (in Nightly builds, run with -Z macro-backtrace for more info)

warning: `#[inline]` attribute cannot be used on macro calls
   --> src/vector.rs:320:13
    |
320 |             #[inline] default_fn!( mul_assign_element_wise(&mut self, rhs: $VectorN<S>) { $(self.$field *= rhs.$field);+ } );
    |             ^^^^^^^^^
...
377 | impl_vector!(Vector4 { x, y, z, w }, 4, vec4);
    | --------------------------------------------- in this macro invocation
    |
    = warning: this was previously accepted by the compiler but is being phased out; it will become a hard error in a future release!
    = help: `#[inline]` can only be applied to functions
    = note: this warning originates in the macro `impl_vector` (in Nightly builds, run with -Z macro-backtrace for more info)

warning: `#[inline]` attribute cannot be used on macro calls
   --> src/vector.rs:321:13
    |
321 |             #[inline] default_fn!( div_assign_element_wise(&mut self, rhs: $VectorN<S>) { $(self.$field /= rhs.$field);+ } );
    |             ^^^^^^^^^
...
377 | impl_vector!(Vector4 { x, y, z, w }, 4, vec4);
    | --------------------------------------------- in this macro invocation
    |
    = warning: this was previously accepted by the compiler but is being phased out; it will become a hard error in a future release!
    = help: `#[inline]` can only be applied to functions
    = note: this warning originates in the macro `impl_vector` (in Nightly builds, run with -Z macro-backtrace for more info)

warning: `#[inline]` attribute cannot be used on macro calls
   --> src/vector.rs:326:13
    |
326 |             #[inline] default_fn!( add_element_wise(self, rhs: S) -> $VectorN<S> { $VectorN::new($(self.$field + rhs),+) } );
    |             ^^^^^^^^^
...
377 | impl_vector!(Vector4 { x, y, z, w }, 4, vec4);
    | --------------------------------------------- in this macro invocation
    |
    = warning: this was previously accepted by the compiler but is being phased out; it will become a hard error in a future release!
    = help: `#[inline]` can only be applied to functions
    = note: this warning originates in the macro `impl_vector` (in Nightly builds, run with -Z macro-backtrace for more info)

warning: `#[inline]` attribute cannot be used on macro calls
   --> src/vector.rs:327:13
    |
327 |             #[inline] default_fn!( sub_element_wise(self, rhs: S) -> $VectorN<S> { $VectorN::new($(self.$field - rhs),+) } );
    |             ^^^^^^^^^
...
377 | impl_vector!(Vector4 { x, y, z, w }, 4, vec4);
    | --------------------------------------------- in this macro invocation
    |
    = warning: this was previously accepted by the compiler but is being phased out; it will become a hard error in a future release!
    = help: `#[inline]` can only be applied to functions
    = note: this warning originates in the macro `impl_vector` (in Nightly builds, run with -Z macro-backtrace for more info)

warning: `#[inline]` attribute cannot be used on macro calls
   --> src/vector.rs:328:13
    |
328 |             #[inline] default_fn!( mul_element_wise(self, rhs: S) -> $VectorN<S> { $VectorN::new($(self.$field * rhs),+) } );
    |             ^^^^^^^^^
...
377 | impl_vector!(Vector4 { x, y, z, w }, 4, vec4);
    | --------------------------------------------- in this macro invocation
    |
    = warning: this was previously accepted by the compiler but is being phased out; it will become a hard error in a future release!
    = help: `#[inline]` can only be applied to functions
    = note: this warning originates in the macro `impl_vector` (in Nightly builds, run with -Z macro-backtrace for more info)

warning: `#[inline]` attribute cannot be used on macro calls
   --> src/vector.rs:329:13
    |
329 |             #[inline] default_fn!( div_element_wise(self, rhs: S) -> $VectorN<S> { $VectorN::new($(self.$field / rhs),+) } );
    |             ^^^^^^^^^
...
377 | impl_vector!(Vector4 { x, y, z, w }, 4, vec4);
    | --------------------------------------------- in this macro invocation
    |
    = warning: this was previously accepted by the compiler but is being phased out; it will become a hard error in a future release!
    = help: `#[inline]` can only be applied to functions
    = note: this warning originates in the macro `impl_vector` (in Nightly builds, run with -Z macro-backtrace for more info)

warning: `#[inline]` attribute cannot be used on macro calls
   --> src/vector.rs:332:13
    |
332 |             #[inline] default_fn!( add_assign_element_wise(&mut self, rhs: S) { $(self.$field += rhs);+ } );
    |             ^^^^^^^^^
...
377 | impl_vector!(Vector4 { x, y, z, w }, 4, vec4);
    | --------------------------------------------- in this macro invocation
    |
    = warning: this was previously accepted by the compiler but is being phased out; it will become a hard error in a future release!
    = help: `#[inline]` can only be applied to functions
    = note: this warning originates in the macro `impl_vector` (in Nightly builds, run with -Z macro-backtrace for more info)

warning: `#[inline]` attribute cannot be used on macro calls
   --> src/vector.rs:333:13
    |
333 |             #[inline] default_fn!( sub_assign_element_wise(&mut self, rhs: S) { $(self.$field -= rhs);+ } );
    |             ^^^^^^^^^
...
377 | impl_vector!(Vector4 { x, y, z, w }, 4, vec4);
    | --------------------------------------------- in this macro invocation
    |
    = warning: this was previously accepted by the compiler but is being phased out; it will become a hard error in a future release!
    = help: `#[inline]` can only be applied to functions
    = note: this warning originates in the macro `impl_vector` (in Nightly builds, run with -Z macro-backtrace for more info)

warning: `#[inline]` attribute cannot be used on macro calls
   --> src/vector.rs:334:13
    |
334 |             #[inline] default_fn!( mul_assign_element_wise(&mut self, rhs: S) { $(self.$field *= rhs);+ } );
    |             ^^^^^^^^^
...
377 | impl_vector!(Vector4 { x, y, z, w }, 4, vec4);
    | --------------------------------------------- in this macro invocation
    |
    = warning: this was previously accepted by the compiler but is being phased out; it will become a hard error in a future release!
    = help: `#[inline]` can only be applied to functions
    = note: this warning originates in the macro `impl_vector` (in Nightly builds, run with -Z macro-backtrace for more info)

warning: `#[inline]` attribute cannot be used on macro calls
   --> src/vector.rs:335:13
    |
335 |             #[inline] default_fn!( div_assign_element_wise(&mut self, rhs: S) { $(self.$field /= rhs);+ } );
    |             ^^^^^^^^^
...
377 | impl_vector!(Vector4 { x, y, z, w }, 4, vec4);
    | --------------------------------------------- in this macro invocation
    |
    = warning: this was previously accepted by the compiler but is being phased out; it will become a hard error in a future release!
    = help: `#[inline]` can only be applied to functions
    = note: this warning originates in the macro `impl_vector` (in Nightly builds, run with -Z macro-backtrace for more info)

warning: `#[inline]` attribute cannot be used on macro calls
   --> src/macros.rs:114:13
    |
114 |             #[inline]
    |             ^^^^^^^^^
    |
   ::: src/vector.rs:377:1
    |
377 | impl_vector!(Vector4 { x, y, z, w }, 4, vec4);
    | --------------------------------------------- in this macro invocation
    |
    = warning: this was previously accepted by the compiler but is being phased out; it will become a hard error in a future release!
    = help: `#[inline]` can only be applied to functions
    = note: this warning originates in the macro `impl_operator` which comes from the expansion of the macro `impl_vector` (in Nightly builds, run with -Z macro-backtrace for more info)

warning: `#[inline]` attribute cannot be used on macro calls
   --> src/macros.rs:122:13
    |
122 |             #[inline]
    |             ^^^^^^^^^
    |
   ::: src/vector.rs:377:1
    |
377 | impl_vector!(Vector4 { x, y, z, w }, 4, vec4);
    | --------------------------------------------- in this macro invocation
    |
    = warning: this was previously accepted by the compiler but is being phased out; it will become a hard error in a future release!
    = help: `#[inline]` can only be applied to functions
    = note: this warning originates in the macro `impl_operator` which comes from the expansion of the macro `impl_vector` (in Nightly builds, run with -Z macro-backtrace for more info)

warning: `#[inline]` attribute cannot be used on macro calls
   --> src/macros.rs:78:13
    |
 78 |             #[inline]
    |             ^^^^^^^^^
    |
   ::: src/angle.rs:232:1
    |
232 | impl_angle!(Rad, "{:?} rad", f64::consts::PI * 2.0, f64::consts::PI);
    | -------------------------------------------------------------------- in this macro invocation
    |
    = warning: this was previously accepted by the compiler but is being phased out; it will become a hard error in a future release!
    = help: `#[inline]` can only be applied to functions
    = note: this warning originates in the macro `impl_operator` which comes from the expansion of the macro `impl_angle` (in Nightly builds, run with -Z macro-backtrace for more info)

warning: `#[inline]` attribute cannot be used on macro calls
   --> src/macros.rs:86:13
    |
 86 |             #[inline]
    |             ^^^^^^^^^
    |
   ::: src/angle.rs:232:1
    |
232 | impl_angle!(Rad, "{:?} rad", f64::consts::PI * 2.0, f64::consts::PI);
    | -------------------------------------------------------------------- in this macro invocation
    |
    = warning: this was previously accepted by the compiler but is being phased out; it will become a hard error in a future release!
    = help: `#[inline]` can only be applied to functions
    = note: this warning originates in the macro `impl_operator` which comes from the expansion of the macro `impl_angle` (in Nightly builds, run with -Z macro-backtrace for more info)

warning: `#[inline]` attribute cannot be used on macro calls
   --> src/macros.rs:94:13
    |
 94 |             #[inline]
    |             ^^^^^^^^^
    |
   ::: src/angle.rs:232:1
    |
232 | impl_angle!(Rad, "{:?} rad", f64::consts::PI * 2.0, f64::consts::PI);
    | -------------------------------------------------------------------- in this macro invocation
    |
    = warning: this was previously accepted by the compiler but is being phased out; it will become a hard error in a future release!
    = help: `#[inline]` can only be applied to functions
    = note: this warning originates in the macro `impl_operator` which comes from the expansion of the macro `impl_angle` (in Nightly builds, run with -Z macro-backtrace for more info)

warning: `#[inline]` attribute cannot be used on macro calls
   --> src/macros.rs:102:13
    |
102 |             #[inline]
    |             ^^^^^^^^^
    |
   ::: src/angle.rs:232:1
    |
232 | impl_angle!(Rad, "{:?} rad", f64::consts::PI * 2.0, f64::consts::PI);
    | -------------------------------------------------------------------- in this macro invocation
    |
    = warning: this was previously accepted by the compiler but is being phased out; it will become a hard error in a future release!
    = help: `#[inline]` can only be applied to functions
    = note: this warning originates in the macro `impl_operator` which comes from the expansion of the macro `impl_angle` (in Nightly builds, run with -Z macro-backtrace for more info)

warning: `#[inline]` attribute cannot be used on macro calls
   --> src/macros.rs:135:13
    |
135 |             #[inline]
    |             ^^^^^^^^^
    |
   ::: src/angle.rs:232:1
    |
232 | impl_angle!(Rad, "{:?} rad", f64::consts::PI * 2.0, f64::consts::PI);
    | -------------------------------------------------------------------- in this macro invocation
    |
    = warning: this was previously accepted by the compiler but is being phased out; it will become a hard error in a future release!
    = help: `#[inline]` can only be applied to functions
    = note: this warning originates in the macro `impl_assignment_operator` which comes from the expansion of the macro `impl_angle` (in Nightly builds, run with -Z macro-backtrace for more info)

warning: `#[inline]` attribute cannot be used on macro calls
   --> src/macros.rs:58:13
    |
 58 |             #[inline]
    |             ^^^^^^^^^
    |
   ::: src/angle.rs:232:1
    |
232 | impl_angle!(Rad, "{:?} rad", f64::consts::PI * 2.0, f64::consts::PI);
    | -------------------------------------------------------------------- in this macro invocation
    |
    = warning: this was previously accepted by the compiler but is being phased out; it will become a hard error in a future release!
    = help: `#[inline]` can only be applied to functions
    = note: this warning originates in the macro `impl_operator` which comes from the expansion of the macro `impl_angle` (in Nightly builds, run with -Z macro-backtrace for more info)

warning: `#[inline]` attribute cannot be used on macro calls
   --> src/macros.rs:66:13
    |
 66 |             #[inline]
    |             ^^^^^^^^^
    |
   ::: src/angle.rs:232:1
    |
232 | impl_angle!(Rad, "{:?} rad", f64::consts::PI * 2.0, f64::consts::PI);
    | -------------------------------------------------------------------- in this macro invocation
    |
    = warning: this was previously accepted by the compiler but is being phased out; it will become a hard error in a future release!
    = help: `#[inline]` can only be applied to functions
    = note: this warning originates in the macro `impl_operator` which comes from the expansion of the macro `impl_angle` (in Nightly builds, run with -Z macro-backtrace for more info)

warning: `#[inline]` attribute cannot be used on macro calls
   --> src/macros.rs:78:13
    |
 78 |             #[inline]
    |             ^^^^^^^^^
    |
   ::: src/angle.rs:233:1
    |
233 | impl_angle!(Deg, "{:?}°", 360, 180);
    | ----------------------------------- in this macro invocation
    |
    = warning: this was previously accepted by the compiler but is being phased out; it will become a hard error in a future release!
    = help: `#[inline]` can only be applied to functions
    = note: this warning originates in the macro `impl_operator` which comes from the expansion of the macro `impl_angle` (in Nightly builds, run with -Z macro-backtrace for more info)

warning: `#[inline]` attribute cannot be used on macro calls
   --> src/macros.rs:86:13
    |
 86 |             #[inline]
    |             ^^^^^^^^^
    |
   ::: src/angle.rs:233:1
    |
233 | impl_angle!(Deg, "{:?}°", 360, 180);
    | ----------------------------------- in this macro invocation
    |
    = warning: this was previously accepted by the compiler but is being phased out; it will become a hard error in a future release!
    = help: `#[inline]` can only be applied to functions
    = note: this warning originates in the macro `impl_operator` which comes from the expansion of the macro `impl_angle` (in Nightly builds, run with -Z macro-backtrace for more info)

warning: `#[inline]` attribute cannot be used on macro calls
   --> src/macros.rs:94:13
    |
 94 |             #[inline]
    |             ^^^^^^^^^
    |
   ::: src/angle.rs:233:1
    |
233 | impl_angle!(Deg, "{:?}°", 360, 180);
    | ----------------------------------- in this macro invocation
    |
    = warning: this was previously accepted by the compiler but is being phased out; it will become a hard error in a future release!
    = help: `#[inline]` can only be applied to functions
    = note: this warning originates in the macro `impl_operator` which comes from the expansion of the macro `impl_angle` (in Nightly builds, run with -Z macro-backtrace for more info)

warning: `#[inline]` attribute cannot be used on macro calls
   --> src/macros.rs:102:13
    |
102 |             #[inline]
    |             ^^^^^^^^^
    |
   ::: src/angle.rs:233:1
    |
233 | impl_angle!(Deg, "{:?}°", 360, 180);
    | ----------------------------------- in this macro invocation
    |
    = warning: this was previously accepted by the compiler but is being phased out; it will become a hard error in a future release!
    = help: `#[inline]` can only be applied to functions
    = note: this warning originates in the macro `impl_operator` which comes from the expansion of the macro `impl_angle` (in Nightly builds, run with -Z macro-backtrace for more info)

warning: `#[inline]` attribute cannot be used on macro calls
   --> src/macros.rs:135:13
    |
135 |             #[inline]
    |             ^^^^^^^^^
    |
   ::: src/angle.rs:233:1
    |
233 | impl_angle!(Deg, "{:?}°", 360, 180);
    | ----------------------------------- in this macro invocation
    |
    = warning: this was previously accepted by the compiler but is being phased out; it will become a hard error in a future release!
    = help: `#[inline]` can only be applied to functions
    = note: this warning originates in the macro `impl_assignment_operator` which comes from the expansion of the macro `impl_angle` (in Nightly builds, run with -Z macro-backtrace for more info)

warning: `#[inline]` attribute cannot be used on macro calls
   --> src/macros.rs:58:13
    |
 58 |             #[inline]
    |             ^^^^^^^^^
    |
   ::: src/angle.rs:233:1
    |
233 | impl_angle!(Deg, "{:?}°", 360, 180);
    | ----------------------------------- in this macro invocation
    |
    = warning: this was previously accepted by the compiler but is being phased out; it will become a hard error in a future release!
    = help: `#[inline]` can only be applied to functions
    = note: this warning originates in the macro `impl_operator` which comes from the expansion of the macro `impl_angle` (in Nightly builds, run with -Z macro-backtrace for more info)

warning: `#[inline]` attribute cannot be used on macro calls
   --> src/macros.rs:66:13
    |
 66 |             #[inline]
    |             ^^^^^^^^^
    |
   ::: src/angle.rs:233:1
    |
233 | impl_angle!(Deg, "{:?}°", 360, 180);
    | ----------------------------------- in this macro invocation
    |
    = warning: this was previously accepted by the compiler but is being phased out; it will become a hard error in a future release!
    = help: `#[inline]` can only be applied to functions
    = note: this warning originates in the macro `impl_operator` which comes from the expansion of the macro `impl_angle` (in Nightly builds, run with -Z macro-backtrace for more info)

warning: redundant field names in struct initialization
   --> src/euler.rs:102:17
    |
102 |         Euler { x: x, y: y, z: z }
    |                 ^^^^ help: replace it with: `x`
    |
    = help: for further information visit https://rust-lang.github.io/rust-clippy/rust-1.97.0/index.html#redundant_field_names

warning: redundant field names in struct initialization
   --> src/euler.rs:102:23
    |
102 |         Euler { x: x, y: y, z: z }
    |                       ^^^^ help: replace it with: `y`
    |
    = help: for further information visit https://rust-lang.github.io/rust-clippy/rust-1.97.0/index.html#redundant_field_names

warning: redundant field names in struct initialization
   --> src/euler.rs:102:29
    |
102 |         Euler { x: x, y: y, z: z }
    |                             ^^^^ help: replace it with: `z`
    |
    = help: for further information visit https://rust-lang.github.io/rust-clippy/rust-1.97.0/index.html#redundant_field_names

warning: `#[inline]` attribute cannot be used on macro calls
   --> src/macros.rs:78:13
    |
 78 |             #[inline]
    |             ^^^^^^^^^
    |
   ::: src/point.rs:342:1
    |
342 | impl_point!(Point1 { x }, Vector1, 1, point1);
    | --------------------------------------------- in this macro invocation
    |
    = warning: this was previously accepted by the compiler but is being phased out; it will become a hard error in a future release!
    = help: `#[inline]` can only be applied to functions
    = note: this warning originates in the macro `impl_operator` which comes from the expansion of the macro `impl_point` (in Nightly builds, run with -Z macro-backtrace for more info)

warning: `#[inline]` attribute cannot be used on macro calls
   --> src/macros.rs:86:13
    |
 86 |             #[inline]
    |             ^^^^^^^^^
    |
   ::: src/point.rs:342:1
    |
342 | impl_point!(Point1 { x }, Vector1, 1, point1);
    | --------------------------------------------- in this macro invocation
    |
    = warning: this was previously accepted by the compiler but is being phased out; it will become a hard error in a future release!
    = help: `#[inline]` can only be applied to functions
    = note: this warning originates in the macro `impl_operator` which comes from the expansion of the macro `impl_point` (in Nightly builds, run with -Z macro-backtrace for more info)

warning: `#[inline]` attribute cannot be used on macro calls
   --> src/macros.rs:94:13
    |
 94 |             #[inline]
    |             ^^^^^^^^^
    |
   ::: src/point.rs:342:1
    |
342 | impl_point!(Point1 { x }, Vector1, 1, point1);
    | --------------------------------------------- in this macro invocation
    |
    = warning: this was previously accepted by the compiler but is being phased out; it will become a hard error in a future release!
    = help: `#[inline]` can only be applied to functions
    = note: this warning originates in the macro `impl_operator` which comes from the expansion of the macro `impl_point` (in Nightly builds, run with -Z macro-backtrace for more info)

warning: `#[inline]` attribute cannot be used on macro calls
   --> src/macros.rs:102:13
    |
102 |             #[inline]
    |             ^^^^^^^^^
    |
   ::: src/point.rs:342:1
    |
342 | impl_point!(Point1 { x }, Vector1, 1, point1);
    | --------------------------------------------- in this macro invocation
    |
    = warning: this was previously accepted by the compiler but is being phased out; it will become a hard error in a future release!
    = help: `#[inline]` can only be applied to functions
    = note: this warning originates in the macro `impl_operator` which comes from the expansion of the macro `impl_point` (in Nightly builds, run with -Z macro-backtrace for more info)

warning: `#[inline]` attribute cannot be used on macro calls
   --> src/macros.rs:135:13
    |
135 |             #[inline]
    |             ^^^^^^^^^
    |
   ::: src/point.rs:342:1
    |
342 | impl_point!(Point1 { x }, Vector1, 1, point1);
    | --------------------------------------------- in this macro invocation
    |
    = warning: this was previously accepted by the compiler but is being phased out; it will become a hard error in a future release!
    = help: `#[inline]` can only be applied to functions
    = note: this warning originates in the macro `impl_assignment_operator` which comes from the expansion of the macro `impl_point` (in Nightly builds, run with -Z macro-backtrace for more info)

warning: `#[inline]` attribute cannot be used on macro calls
   --> src/macros.rs:58:13
    |
 58 |             #[inline]
    |             ^^^^^^^^^
    |
   ::: src/point.rs:342:1
    |
342 | impl_point!(Point1 { x }, Vector1, 1, point1);
    | --------------------------------------------- in this macro invocation
    |
    = warning: this was previously accepted by the compiler but is being phased out; it will become a hard error in a future release!
    = help: `#[inline]` can only be applied to functions
    = note: this warning originates in the macro `impl_operator` which comes from the expansion of the macro `impl_point` (in Nightly builds, run with -Z macro-backtrace for more info)

warning: `#[inline]` attribute cannot be used on macro calls
   --> src/macros.rs:66:13
    |
 66 |             #[inline]
    |             ^^^^^^^^^
    |
   ::: src/point.rs:342:1
    |
342 | impl_point!(Point1 { x }, Vector1, 1, point1);
    | --------------------------------------------- in this macro invocation
    |
    = warning: this was previously accepted by the compiler but is being phased out; it will become a hard error in a future release!
    = help: `#[inline]` can only be applied to functions
    = note: this warning originates in the macro `impl_operator` which comes from the expansion of the macro `impl_point` (in Nightly builds, run with -Z macro-backtrace for more info)

warning: `#[inline]` attribute cannot be used on macro calls
   --> src/macros.rs:114:13
    |
114 |             #[inline]
    |             ^^^^^^^^^
    |
   ::: src/point.rs:342:1
    |
342 | impl_point!(Point1 { x }, Vector1, 1, point1);
    | --------------------------------------------- in this macro invocation
    |
    = warning: this was previously accepted by the compiler but is being phased out; it will become a hard error in a future release!
    = help: `#[inline]` can only be applied to functions
    = note: this warning originates in the macro `impl_operator` which comes from the expansion of the macro `impl_point` (in Nightly builds, run with -Z macro-backtrace for more info)

warning: `#[inline]` attribute cannot be used on macro calls
   --> src/macros.rs:122:13
    |
122 |             #[inline]
    |             ^^^^^^^^^
    |
   ::: src/point.rs:342:1
    |
342 | impl_point!(Point1 { x }, Vector1, 1, point1);
    | --------------------------------------------- in this macro invocation
    |
    = warning: this was previously accepted by the compiler but is being phased out; it will become a hard error in a future release!
    = help: `#[inline]` can only be applied to functions
    = note: this warning originates in the macro `impl_operator` which comes from the expansion of the macro `impl_point` (in Nightly builds, run with -Z macro-backtrace for more info)

warning: `#[inline]` attribute cannot be used on macro calls
   --> src/macros.rs:78:13
    |
 78 |             #[inline]
    |             ^^^^^^^^^
    |
   ::: src/point.rs:343:1
    |
343 | impl_point!(Point2 { x, y }, Vector2, 2, point2);
    | ------------------------------------------------ in this macro invocation
    |
    = warning: this was previously accepted by the compiler but is being phased out; it will become a hard error in a future release!
    = help: `#[inline]` can only be applied to functions
    = note: this warning originates in the macro `impl_operator` which comes from the expansion of the macro `impl_point` (in Nightly builds, run with -Z macro-backtrace for more info)

warning: `#[inline]` attribute cannot be used on macro calls
   --> src/macros.rs:86:13
    |
 86 |             #[inline]
    |             ^^^^^^^^^
    |
   ::: src/point.rs:343:1
    |
343 | impl_point!(Point2 { x, y }, Vector2, 2, point2);
    | ------------------------------------------------ in this macro invocation
    |
    = warning: this was previously accepted by the compiler but is being phased out; it will become a hard error in a future release!
    = help: `#[inline]` can only be applied to functions
    = note: this warning originates in the macro `impl_operator` which comes from the expansion of the macro `impl_point` (in Nightly builds, run with -Z macro-backtrace for more info)

warning: `#[inline]` attribute cannot be used on macro calls
   --> src/macros.rs:94:13
    |
 94 |             #[inline]
    |             ^^^^^^^^^
    |
   ::: src/point.rs:343:1
    |
343 | impl_point!(Point2 { x, y }, Vector2, 2, point2);
    | ------------------------------------------------ in this macro invocation
    |
    = warning: this was previously accepted by the compiler but is being phased out; it will become a hard error in a future release!
    = help: `#[inline]` can only be applied to functions
    = note: this warning originates in the macro `impl_operator` which comes from the expansion of the macro `impl_point` (in Nightly builds, run with -Z macro-backtrace for more info)

warning: `#[inline]` attribute cannot be used on macro calls
   --> src/macros.rs:102:13
    |
102 |             #[inline]
    |             ^^^^^^^^^
    |
   ::: src/point.rs:343:1
    |
343 | impl_point!(Point2 { x, y }, Vector2, 2, point2);
    | ------------------------------------------------ in this macro invocation
    |
    = warning: this was previously accepted by the compiler but is being phased out; it will become a hard error in a future release!
    = help: `#[inline]` can only be applied to functions
    = note: this warning originates in the macro `impl_operator` which comes from the expansion of the macro `impl_point` (in Nightly builds, run with -Z macro-backtrace for more info)

warning: `#[inline]` attribute cannot be used on macro calls
   --> src/macros.rs:135:13
    |
135 |             #[inline]
    |             ^^^^^^^^^
    |
   ::: src/point.rs:343:1
    |
343 | impl_point!(Point2 { x, y }, Vector2, 2, point2);
    | ------------------------------------------------ in this macro invocation
    |
    = warning: this was previously accepted by the compiler but is being phased out; it will become a hard error in a future release!
    = help: `#[inline]` can only be applied to functions
    = note: this warning originates in the macro `impl_assignment_operator` which comes from the expansion of the macro `impl_point` (in Nightly builds, run with -Z macro-backtrace for more info)

warning: `#[inline]` attribute cannot be used on macro calls
   --> src/macros.rs:58:13
    |
 58 |             #[inline]
    |             ^^^^^^^^^
    |
   ::: src/point.rs:343:1
    |
343 | impl_point!(Point2 { x, y }, Vector2, 2, point2);
    | ------------------------------------------------ in this macro invocation
    |
    = warning: this was previously accepted by the compiler but is being phased out; it will become a hard error in a future release!
    = help: `#[inline]` can only be applied to functions
    = note: this warning originates in the macro `impl_operator` which comes from the expansion of the macro `impl_point` (in Nightly builds, run with -Z macro-backtrace for more info)

warning: `#[inline]` attribute cannot be used on macro calls
   --> src/macros.rs:66:13
    |
 66 |             #[inline]
    |             ^^^^^^^^^
    |
   ::: src/point.rs:343:1
    |
343 | impl_point!(Point2 { x, y }, Vector2, 2, point2);
    | ------------------------------------------------ in this macro invocation
    |
    = warning: this was previously accepted by the compiler but is being phased out; it will become a hard error in a future release!
    = help: `#[inline]` can only be applied to functions
    = note: this warning originates in the macro `impl_operator` which comes from the expansion of the macro `impl_point` (in Nightly builds, run with -Z macro-backtrace for more info)

warning: `#[inline]` attribute cannot be used on macro calls
   --> src/macros.rs:114:13
    |
114 |             #[inline]
    |             ^^^^^^^^^
    |
   ::: src/point.rs:343:1
    |
343 | impl_point!(Point2 { x, y }, Vector2, 2, point2);
    | ------------------------------------------------ in this macro invocation
    |
    = warning: this was previously accepted by the compiler but is being phased out; it will become a hard error in a future release!
    = help: `#[inline]` can only be applied to functions
    = note: this warning originates in the macro `impl_operator` which comes from the expansion of the macro `impl_point` (in Nightly builds, run with -Z macro-backtrace for more info)

warning: `#[inline]` attribute cannot be used on macro calls
   --> src/macros.rs:122:13
    |
122 |             #[inline]
    |             ^^^^^^^^^
    |
   ::: src/point.rs:343:1
    |
343 | impl_point!(Point2 { x, y }, Vector2, 2, point2);
    | ------------------------------------------------ in this macro invocation
    |
    = warning: this was previously accepted by the compiler but is being phased out; it will become a hard error in a future release!
    = help: `#[inline]` can only be applied to functions
    = note: this warning originates in the macro `impl_operator` which comes from the expansion of the macro `impl_point` (in Nightly builds, run with -Z macro-backtrace for more info)

warning: `#[inline]` attribute cannot be used on macro calls
   --> src/macros.rs:78:13
    |
 78 |             #[inline]
    |             ^^^^^^^^^
    |
   ::: src/point.rs:344:1
    |
344 | impl_point!(Point3 { x, y, z }, Vector3, 3, point3);
    | --------------------------------------------------- in this macro invocation
    |
    = warning: this was previously accepted by the compiler but is being phased out; it will become a hard error in a future release!
    = help: `#[inline]` can only be applied to functions
    = note: this warning originates in the macro `impl_operator` which comes from the expansion of the macro `impl_point` (in Nightly builds, run with -Z macro-backtrace for more info)

warning: `#[inline]` attribute cannot be used on macro calls
   --> src/macros.rs:86:13
    |
 86 |             #[inline]
    |             ^^^^^^^^^
    |
   ::: src/point.rs:344:1
    |
344 | impl_point!(Point3 { x, y, z }, Vector3, 3, point3);
    | --------------------------------------------------- in this macro invocation
    |
    = warning: this was previously accepted by the compiler but is being phased out; it will become a hard error in a future release!
    = help: `#[inline]` can only be applied to functions
    = note: this warning originates in the macro `impl_operator` which comes from the expansion of the macro `impl_point` (in Nightly builds, run with -Z macro-backtrace for more info)

warning: `#[inline]` attribute cannot be used on macro calls
   --> src/macros.rs:94:13
    |
 94 |             #[inline]
    |             ^^^^^^^^^
    |
   ::: src/point.rs:344:1
    |
344 | impl_point!(Point3 { x, y, z }, Vector3, 3, point3);
    | --------------------------------------------------- in this macro invocation
    |
    = warning: this was previously accepted by the compiler but is being phased out; it will become a hard error in a future release!
    = help: `#[inline]` can only be applied to functions
    = note: this warning originates in the macro `impl_operator` which comes from the expansion of the macro `impl_point` (in Nightly builds, run with -Z macro-backtrace for more info)

warning: `#[inline]` attribute cannot be used on macro calls
   --> src/macros.rs:102:13
    |
102 |             #[inline]
    |             ^^^^^^^^^
    |
   ::: src/point.rs:344:1
    |
344 | impl_point!(Point3 { x, y, z }, Vector3, 3, point3);
    | --------------------------------------------------- in this macro invocation
    |
    = warning: this was previously accepted by the compiler but is being phased out; it will become a hard error in a future release!
    = help: `#[inline]` can only be applied to functions
    = note: this warning originates in the macro `impl_operator` which comes from the expansion of the macro `impl_point` (in Nightly builds, run with -Z macro-backtrace for more info)

warning: `#[inline]` attribute cannot be used on macro calls
   --> src/macros.rs:135:13
    |
135 |             #[inline]
    |             ^^^^^^^^^
    |
   ::: src/point.rs:344:1
    |
344 | impl_point!(Point3 { x, y, z }, Vector3, 3, point3);
    | --------------------------------------------------- in this macro invocation
    |
    = warning: this was previously accepted by the compiler but is being phased out; it will become a hard error in a future release!
    = help: `#[inline]` can only be applied to functions
    = note: this warning originates in the macro `impl_assignment_operator` which comes from the expansion of the macro `impl_point` (in Nightly builds, run with -Z macro-backtrace for more info)

warning: `#[inline]` attribute cannot be used on macro calls
   --> src/macros.rs:58:13
    |
 58 |             #[inline]
    |             ^^^^^^^^^
    |
   ::: src/point.rs:344:1
    |
344 | impl_point!(Point3 { x, y, z }, Vector3, 3, point3);
    | --------------------------------------------------- in this macro invocation
    |
    = warning: this was previously accepted by the compiler but is being phased out; it will become a hard error in a future release!
    = help: `#[inline]` can only be applied to functions
    = note: this warning originates in the macro `impl_operator` which comes from the expansion of the macro `impl_point` (in Nightly builds, run with -Z macro-backtrace for more info)

warning: `#[inline]` attribute cannot be used on macro calls
   --> src/macros.rs:66:13
    |
 66 |             #[inline]
    |             ^^^^^^^^^
    |
   ::: src/point.rs:344:1
    |
344 | impl_point!(Point3 { x, y, z }, Vector3, 3, point3);
    | --------------------------------------------------- in this macro invocation
    |
    = warning: this was previously accepted by the compiler but is being phased out; it will become a hard error in a future release!
    = help: `#[inline]` can only be applied to functions
    = note: this warning originates in the macro `impl_operator` which comes from the expansion of the macro `impl_point` (in Nightly builds, run with -Z macro-backtrace for more info)

warning: `#[inline]` attribute cannot be used on macro calls
   --> src/macros.rs:114:13
    |
114 |             #[inline]
    |             ^^^^^^^^^
    |
   ::: src/point.rs:344:1
    |
344 | impl_point!(Point3 { x, y, z }, Vector3, 3, point3);
    | --------------------------------------------------- in this macro invocation
    |
    = warning: this was previously accepted by the compiler but is being phased out; it will become a hard error in a future release!
    = help: `#[inline]` can only be applied to functions
    = note: this warning originates in the macro `impl_operator` which comes from the expansion of the macro `impl_point` (in Nightly builds, run with -Z macro-backtrace for more info)

warning: `#[inline]` attribute cannot be used on macro calls
   --> src/macros.rs:122:13
    |
122 |             #[inline]
    |             ^^^^^^^^^
    |
   ::: src/point.rs:344:1
    |
344 | impl_point!(Point3 { x, y, z }, Vector3, 3, point3);
    | --------------------------------------------------- in this macro invocation
    |
    = warning: this was previously accepted by the compiler but is being phased out; it will become a hard error in a future release!
    = help: `#[inline]` can only be applied to functions
    = note: this warning originates in the macro `impl_operator` which comes from the expansion of the macro `impl_point` (in Nightly builds, run with -Z macro-backtrace for more info)

warning: `#[inline]` attribute cannot be used on macro calls
   --> src/macros.rs:78:13
    |
 78 |               #[inline]
    |               ^^^^^^^^^
    |
   ::: src/rotation.rs:246:1
    |
246 | / impl_operator!(<S: BaseFloat> Mul<Basis2<S> > for Basis2<S> {
247 | |     fn mul(lhs, rhs) -> Basis2<S> { Basis2 { mat: lhs.mat * rhs.mat  } }
248 | | });
    | |__- in this macro invocation
    |
    = warning: this was previously accepted by the compiler but is being phased out; it will become a hard error in a future release!
    = help: `#[inline]` can only be applied to functions
    = note: this warning originates in the macro `impl_operator` (in Nightly builds, run with -Z macro-backtrace for more info)

warning: `#[inline]` attribute cannot be used on macro calls
   --> src/macros.rs:86:13
    |
 86 |               #[inline]
    |               ^^^^^^^^^
    |
   ::: src/rotation.rs:246:1
    |
246 | / impl_operator!(<S: BaseFloat> Mul<Basis2<S> > for Basis2<S> {
247 | |     fn mul(lhs, rhs) -> Basis2<S> { Basis2 { mat: lhs.mat * rhs.mat  } }
248 | | });
    | |__- in this macro invocation
    |
    = warning: this was previously accepted by the compiler but is being phased out; it will become a hard error in a future release!
    = help: `#[inline]` can only be applied to functions
    = note: this warning originates in the macro `impl_operator` (in Nightly builds, run with -Z macro-backtrace for more info)

warning: `#[inline]` attribute cannot be used on macro calls
   --> src/macros.rs:94:13
    |
 94 |               #[inline]
    |               ^^^^^^^^^
    |
   ::: src/rotation.rs:246:1
    |
246 | / impl_operator!(<S: BaseFloat> Mul<Basis2<S> > for Basis2<S> {
247 | |     fn mul(lhs, rhs) -> Basis2<S> { Basis2 { mat: lhs.mat * rhs.mat  } }
248 | | });
    | |__- in this macro invocation
    |
    = warning: this was previously accepted by the compiler but is being phased out; it will become a hard error in a future release!
    = help: `#[inline]` can only be applied to functions
    = note: this warning originates in the macro `impl_operator` (in Nightly builds, run with -Z macro-backtrace for more info)

warning: `#[inline]` attribute cannot be used on macro calls
   --> src/macros.rs:102:13
    |
102 |               #[inline]
    |               ^^^^^^^^^
    |
   ::: src/rotation.rs:246:1
    |
246 | / impl_operator!(<S: BaseFloat> Mul<Basis2<S> > for Basis2<S> {
247 | |     fn mul(lhs, rhs) -> Basis2<S> { Basis2 { mat: lhs.mat * rhs.mat  } }
248 | | });
    | |__- in this macro invocation
    |
    = warning: this was previously accepted by the compiler but is being phased out; it will become a hard error in a future release!
    = help: `#[inline]` can only be applied to functions
    = note: this warning originates in the macro `impl_operator` (in Nightly builds, run with -Z macro-backtrace for more info)

warning: `#[inline]` attribute cannot be used on macro calls
   --> src/macros.rs:78:13
    |
 78 |               #[inline]
    |               ^^^^^^^^^
    |
   ::: src/rotation.rs:402:1
    |
402 | / impl_operator!(<S: BaseFloat> Mul<Basis3<S> > for Basis3<S> {
403 | |     fn mul(lhs, rhs) -> Basis3<S> { Basis3 { mat: lhs.mat * rhs.mat  } }
404 | | });
    | |__- in this macro invocation
    |
    = warning: this was previously accepted by the compiler but is being phased out; it will become a hard error in a future release!
    = help: `#[inline]` can only be applied to functions
    = note: this warning originates in the macro `impl_operator` (in Nightly builds, run with -Z macro-backtrace for more info)

warning: `#[inline]` attribute cannot be used on macro calls
   --> src/macros.rs:86:13
    |
 86 |               #[inline]
    |               ^^^^^^^^^
    |
   ::: src/rotation.rs:402:1
    |
402 | / impl_operator!(<S: BaseFloat> Mul<Basis3<S> > for Basis3<S> {
403 | |     fn mul(lhs, rhs) -> Basis3<S> { Basis3 { mat: lhs.mat * rhs.mat  } }
404 | | });
    | |__- in this macro invocation
    |
    = warning: this was previously accepted by the compiler but is being phased out; it will become a hard error in a future release!
    = help: `#[inline]` can only be applied to functions
    = note: this warning originates in the macro `impl_operator` (in Nightly builds, run with -Z macro-backtrace for more info)

warning: `#[inline]` attribute cannot be used on macro calls
   --> src/macros.rs:94:13
    |
 94 |               #[inline]
    |               ^^^^^^^^^
    |
   ::: src/rotation.rs:402:1
    |
402 | / impl_operator!(<S: BaseFloat> Mul<Basis3<S> > for Basis3<S> {
403 | |     fn mul(lhs, rhs) -> Basis3<S> { Basis3 { mat: lhs.mat * rhs.mat  } }
404 | | });
    | |__- in this macro invocation
    |
    = warning: this was previously accepted by the compiler but is being phased out; it will become a hard error in a future release!
    = help: `#[inline]` can only be applied to functions
    = note: this warning originates in the macro `impl_operator` (in Nightly builds, run with -Z macro-backtrace for more info)

warning: `#[inline]` attribute cannot be used on macro calls
   --> src/macros.rs:102:13
    |
102 |               #[inline]
    |               ^^^^^^^^^
    |
   ::: src/rotation.rs:402:1
    |
402 | / impl_operator!(<S: BaseFloat> Mul<Basis3<S> > for Basis3<S> {
403 | |     fn mul(lhs, rhs) -> Basis3<S> { Basis3 { mat: lhs.mat * rhs.mat  } }
404 | | });
    | |__- in this macro invocation
    |
    = warning: this was previously accepted by the compiler but is being phased out; it will become a hard error in a future release!
    = help: `#[inline]` can only be applied to functions
    = note: this warning originates in the macro `impl_operator` (in Nightly builds, run with -Z macro-backtrace for more info)

warning: redundant field names in struct initialization
   --> src/transform.rs:120:13
    |
120 |             rot: rot,
    |             ^^^^^^^^ help: replace it with: `rot`
    |
    = help: for further information visit https://rust-lang.github.io/rust-clippy/rust-1.97.0/index.html#redundant_field_names

warning: redundant field names in struct initialization
   --> src/transform.rs:121:13
    |
121 |             disp: disp,
    |             ^^^^^^^^^^ help: replace it with: `disp`
    |
    = help: for further information visit https://rust-lang.github.io/rust-clippy/rust-1.97.0/index.html#redundant_field_names

warning: redundant field names in struct initialization
   --> src/transform.rs:131:13
    |
131 |             rot: rot,
    |             ^^^^^^^^ help: replace it with: `rot`
    |
    = help: for further information visit https://rust-lang.github.io/rust-clippy/rust-1.97.0/index.html#redundant_field_names

warning: redundant field names in struct initialization
   --> src/transform.rs:132:13
    |
132 |             disp: disp,
    |             ^^^^^^^^^^ help: replace it with: `disp`
    |
    = help: for further information visit https://rust-lang.github.io/rust-clippy/rust-1.97.0/index.html#redundant_field_names

warning: redundant field names in struct initialization
   --> src/transform.rs:142:13
    |
142 |             rot: rot,
    |             ^^^^^^^^ help: replace it with: `rot`
    |
    = help: for further information visit https://rust-lang.github.io/rust-clippy/rust-1.97.0/index.html#redundant_field_names

warning: redundant field names in struct initialization
   --> src/transform.rs:143:13
    |
143 |             disp: disp,
    |             ^^^^^^^^^^ help: replace it with: `disp`
    |
    = help: for further information visit https://rust-lang.github.io/rust-clippy/rust-1.97.0/index.html#redundant_field_names

warning: constants have by default a `'static` lifetime
   --> src/transform.rs:369:28
    |
369 |             const FIELDS: &'static [&'static str] = &["scale", "rot", "disp"];
    |                           -^^^^^^^--------------- help: consider removing `'static`: `&[&'static str]`
    |
    = help: for further information visit https://rust-lang.github.io/rust-clippy/rust-1.97.0/index.html#redundant_static_lifetimes
    = note: `#[warn(clippy::redundant_static_lifetimes)]` on by default

warning: constants have by default a `'static` lifetime
   --> src/transform.rs:369:38
    |
369 |             const FIELDS: &'static [&'static str] = &["scale", "rot", "disp"];
    |                                     -^^^^^^^---- help: consider removing `'static`: `&str`
    |
    = help: for further information visit https://rust-lang.github.io/rust-clippy/rust-1.97.0/index.html#redundant_static_lifetimes

warning: redundant field names in struct initialization
   --> src/transform.rs:426:17
    |
426 |                 scale: scale,
    |                 ^^^^^^^^^^^^ help: replace it with: `scale`
    |
    = help: for further information visit https://rust-lang.github.io/rust-clippy/rust-1.97.0/index.html#redundant_field_names

warning: redundant field names in struct initialization
   --> src/transform.rs:427:17
    |
427 |                 rot: rot,
    |                 ^^^^^^^^ help: replace it with: `rot`
    |
    = help: for further information visit https://rust-lang.github.io/rust-clippy/rust-1.97.0/index.html#redundant_field_names

warning: redundant field names in struct initialization
   --> src/transform.rs:428:17
    |
428 |                 disp: disp,
    |                 ^^^^^^^^^^ help: replace it with: `disp`
    |
    = help: for further information visit https://rust-lang.github.io/rust-clippy/rust-1.97.0/index.html#redundant_field_names

warning: unexpected `cfg` condition value: `rustc-serialize`
  --> src/projection.rs:81:12
   |
81 | #[cfg_attr(feature = "rustc-serialize", derive(RustcEncodable, RustcDecodable))]
   |            ^^^^^^^^^^^^^^^^^^^^^^^^^^^
   |
   = note: expected values for `feature` are: `mint`, `rand`, `serde`, `swizzle`, and `unstable`
   = help: consider adding `rustc-serialize` as a feature in `Cargo.toml`
   = note: see <https://doc.rust-lang.org/nightly/rustc/check-cfg/cargo-specifics.html> for more information about checking conditional configuration

warning: redundant field names in struct initialization
  --> src/projection.rs:38:9
   |
38 |         aspect: aspect,
   |         ^^^^^^^^^^^^^^ help: replace it with: `aspect`
   |
   = help: for further information visit https://rust-lang.github.io/rust-clippy/rust-1.97.0/index.html#redundant_field_names

warning: redundant field names in struct initialization
  --> src/projection.rs:39:9
   |
39 |         near: near,
   |         ^^^^^^^^^^ help: replace it with: `near`
   |
   = help: for further information visit https://rust-lang.github.io/rust-clippy/rust-1.97.0/index.html#redundant_field_names

warning: redundant field names in struct initialization
  --> src/projection.rs:40:9
   |
40 |         far: far,
   |         ^^^^^^^^ help: replace it with: `far`
   |
   = help: for further information visit https://rust-lang.github.io/rust-clippy/rust-1.97.0/index.html#redundant_field_names

warning: redundant field names in struct initialization
  --> src/projection.rs:52:9
   |
52 |         left: left,
   |         ^^^^^^^^^^ help: replace it with: `left`
   |
   = help: for further information visit https://rust-lang.github.io/rust-clippy/rust-1.97.0/index.html#redundant_field_names

warning: redundant field names in struct initialization
  --> src/projection.rs:53:9
   |
53 |         right: right,
   |         ^^^^^^^^^^^^ help: replace it with: `right`
   |
   = help: for further information visit https://rust-lang.github.io/rust-clippy/rust-1.97.0/index.html#redundant_field_names

warning: redundant field names in struct initialization
  --> src/projection.rs:54:9
   |
54 |         bottom: bottom,
   |         ^^^^^^^^^^^^^^ help: replace it with: `bottom`
   |
   = help: for further information visit https://rust-lang.github.io/rust-clippy/rust-1.97.0/index.html#redundant_field_names

warning: redundant field names in struct initialization
  --> src/projection.rs:55:9
   |
55 |         top: top,
   |         ^^^^^^^^ help: replace it with: `top`
   |
   = help: for further information visit https://rust-lang.github.io/rust-clippy/rust-1.97.0/index.html#redundant_field_names

warning: redundant field names in struct initialization
  --> src/projection.rs:56:9
   |
56 |         near: near,
   |         ^^^^^^^^^^ help: replace it with: `near`
   |
   = help: for further information visit https://rust-lang.github.io/rust-clippy/rust-1.97.0/index.html#redundant_field_names

warning: redundant field names in struct initialization
  --> src/projection.rs:57:9
   |
57 |         far: far,
   |         ^^^^^^^^ help: replace it with: `far`
   |
   = help: for further information visit https://rust-lang.github.io/rust-clippy/rust-1.97.0/index.html#redundant_field_names

warning: redundant field names in struct initialization
  --> src/projection.rs:69:9
   |
69 |         left: left,
   |         ^^^^^^^^^^ help: replace it with: `left`
   |
   = help: for further information visit https://rust-lang.github.io/rust-clippy/rust-1.97.0/index.html#redundant_field_names

warning: redundant field names in struct initialization
  --> src/projection.rs:70:9
   |
70 |         right: right,
   |         ^^^^^^^^^^^^ help: replace it with: `right`
   |
   = help: for further information visit https://rust-lang.github.io/rust-clippy/rust-1.97.0/index.html#redundant_field_names

warning: redundant field names in struct initialization
  --> src/projection.rs:71:9
   |
71 |         bottom: bottom,
   |         ^^^^^^^^^^^^^^ help: replace it with: `bottom`
   |
   = help: for further information visit https://rust-lang.github.io/rust-clippy/rust-1.97.0/index.html#redundant_field_names

warning: redundant field names in struct initialization
  --> src/projection.rs:72:9
   |
72 |         top: top,
   |         ^^^^^^^^ help: replace it with: `top`
   |
   = help: for further information visit https://rust-lang.github.io/rust-clippy/rust-1.97.0/index.html#redundant_field_names

warning: redundant field names in struct initialization
  --> src/projection.rs:73:9
   |
73 |         near: near,
   |         ^^^^^^^^^^ help: replace it with: `near`
   |
   = help: for further information visit https://rust-lang.github.io/rust-clippy/rust-1.97.0/index.html#redundant_field_names

warning: redundant field names in struct initialization
  --> src/projection.rs:74:9
   |
74 |         far: far,
   |         ^^^^^^^^ help: replace it with: `far`
   |
   = help: for further information visit https://rust-lang.github.io/rust-clippy/rust-1.97.0/index.html#redundant_field_names

warning: this function has too many arguments (9/7)
   --> src/matrix.rs:138:5
    |
138 | /     pub const fn new(
139 | |         c0r0:S, c0r1:S, c0r2:S,
140 | |         c1r0:S, c1r1:S, c1r2:S,
141 | |         c2r0:S, c2r1:S, c2r2:S,
142 | |     ) -> Matrix3<S> {
    | |___________________^
    |
    = help: for further information visit https://rust-lang.github.io/rust-clippy/rust-1.97.0/index.html#too_many_arguments
    = note: `#[warn(clippy::too_many_arguments)]` on by default

warning: this function has too many arguments (16/7)
   --> src/matrix.rs:285:5
    |
285 | /     pub const fn new(
286 | |         c0r0: S, c0r1: S, c0r2: S, c0r3: S,
287 | |         c1r0: S, c1r1: S, c1r2: S, c1r3: S,
288 | |         c2r0: S, c2r1: S, c2r2: S, c2r3: S,
289 | |         c3r0: S, c3r1: S, c3r2: S, c3r3: S,
290 | |     ) -> Matrix4<S>  {
    | |___________________^
    |
    = help: for further information visit https://rust-lang.github.io/rust-clippy/rust-1.97.0/index.html#too_many_arguments

warning: using `clone` on type `S` which implements the `Copy` trait
   --> src/matrix.rs:357:13
    |
357 |             s.x.clone(), u.x.clone(), -f.x.clone(), S::zero(),
    |             ^^^^^^^^^^^ help: try removing the `clone` call: `s.x`
    |
    = help: for further information visit https://rust-lang.github.io/rust-clippy/rust-1.97.0/index.html#clone_on_copy
    = note: `#[warn(clippy::clone_on_copy)]` on by default

warning: using `clone` on type `S` which implements the `Copy` trait
   --> src/matrix.rs:357:26
    |
357 |             s.x.clone(), u.x.clone(), -f.x.clone(), S::zero(),
    |                          ^^^^^^^^^^^ help: try removing the `clone` call: `u.x`
    |
    = help: for further information visit https://rust-lang.github.io/rust-clippy/rust-1.97.0/index.html#clone_on_copy

warning: using `clone` on type `S` which implements the `Copy` trait
   --> src/matrix.rs:357:40
    |
357 |             s.x.clone(), u.x.clone(), -f.x.clone(), S::zero(),
    |                                        ^^^^^^^^^^^ help: try removing the `clone` call: `f.x`
    |
    = help: for further information visit https://rust-lang.github.io/rust-clippy/rust-1.97.0/index.html#clone_on_copy

warning: using `clone` on type `S` which implements the `Copy` trait
   --> src/matrix.rs:358:13
    |
358 |             s.y.clone(), u.y.clone(), -f.y.clone(), S::zero(),
    |             ^^^^^^^^^^^ help: try removing the `clone` call: `s.y`
    |
    = help: for further information visit https://rust-lang.github.io/rust-clippy/rust-1.97.0/index.html#clone_on_copy

warning: using `clone` on type `S` which implements the `Copy` trait
   --> src/matrix.rs:358:26
    |
358 |             s.y.clone(), u.y.clone(), -f.y.clone(), S::zero(),
    |                          ^^^^^^^^^^^ help: try removing the `clone` call: `u.y`
    |
    = help: for further information visit https://rust-lang.github.io/rust-clippy/rust-1.97.0/index.html#clone_on_copy

warning: using `clone` on type `S` which implements the `Copy` trait
   --> src/matrix.rs:358:40
    |
358 |             s.y.clone(), u.y.clone(), -f.y.clone(), S::zero(),
    |                                        ^^^^^^^^^^^ help: try removing the `clone` call: `f.y`
    |
    = help: for further information visit https://rust-lang.github.io/rust-clippy/rust-1.97.0/index.html#clone_on_copy

warning: using `clone` on type `S` which implements the `Copy` trait
   --> src/matrix.rs:359:13
    |
359 |             s.z.clone(), u.z.clone(), -f.z.clone(), S::zero(),
    |             ^^^^^^^^^^^ help: try removing the `clone` call: `s.z`
    |
    = help: for further information visit https://rust-lang.github.io/rust-clippy/rust-1.97.0/index.html#clone_on_copy

warning: using `clone` on type `S` which implements the `Copy` trait
   --> src/matrix.rs:359:26
    |
359 |             s.z.clone(), u.z.clone(), -f.z.clone(), S::zero(),
    |                          ^^^^^^^^^^^ help: try removing the `clone` call: `u.z`
    |
    = help: for further information visit https://rust-lang.github.io/rust-clippy/rust-1.97.0/index.html#clone_on_copy

warning: using `clone` on type `S` which implements the `Copy` trait
   --> src/matrix.rs:359:40
    |
359 |             s.z.clone(), u.z.clone(), -f.z.clone(), S::zero(),
    |                                        ^^^^^^^^^^^ help: try removing the `clone` call: `f.z`
    |
    = help: for further information visit https://rust-lang.github.io/rust-clippy/rust-1.97.0/index.html#clone_on_copy

warning: using `clone` on type `S` which implements the `Copy` trait
   --> src/matrix.rs:373:13
    |
373 |             s.x.clone(), u.x.clone(), -f.x.clone(), S::zero(),
    |             ^^^^^^^^^^^ help: try removing the `clone` call: `s.x`
    |
    = help: for further information visit https://rust-lang.github.io/rust-clippy/rust-1.97.0/index.html#clone_on_copy

warning: using `clone` on type `S` which implements the `Copy` trait
   --> src/matrix.rs:373:26
    |
373 |             s.x.clone(), u.x.clone(), -f.x.clone(), S::zero(),
    |                          ^^^^^^^^^^^ help: try removing the `clone` call: `u.x`
    |
    = help: for further information visit https://rust-lang.github.io/rust-clippy/rust-1.97.0/index.html#clone_on_copy

warning: using `clone` on type `S` which implements the `Copy` trait
   --> src/matrix.rs:373:40
    |
373 |             s.x.clone(), u.x.clone(), -f.x.clone(), S::zero(),
    |                                        ^^^^^^^^^^^ help: try removing the `clone` call: `f.x`
    |
    = help: for further information visit https://rust-lang.github.io/rust-clippy/rust-1.97.0/index.html#clone_on_copy

warning: using `clone` on type `S` which implements the `Copy` trait
   --> src/matrix.rs:374:13
    |
374 |             s.y.clone(), u.y.clone(), -f.y.clone(), S::zero(),
    |             ^^^^^^^^^^^ help: try removing the `clone` call: `s.y`
    |
    = help: for further information visit https://rust-lang.github.io/rust-clippy/rust-1.97.0/index.html#clone_on_copy

warning: using `clone` on type `S` which implements the `Copy` trait
   --> src/matrix.rs:374:26
    |
374 |             s.y.clone(), u.y.clone(), -f.y.clone(), S::zero(),
    |                          ^^^^^^^^^^^ help: try removing the `clone` call: `u.y`
    |
    = help: for further information visit https://rust-lang.github.io/rust-clippy/rust-1.97.0/index.html#clone_on_copy

warning: using `clone` on type `S` which implements the `Copy` trait
   --> src/matrix.rs:374:40
    |
374 |             s.y.clone(), u.y.clone(), -f.y.clone(), S::zero(),
    |                                        ^^^^^^^^^^^ help: try removing the `clone` call: `f.y`
    |
    = help: for further information visit https://rust-lang.github.io/rust-clippy/rust-1.97.0/index.html#clone_on_copy

warning: using `clone` on type `S` which implements the `Copy` trait
   --> src/matrix.rs:375:13
    |
375 |             s.z.clone(), u.z.clone(), -f.z.clone(), S::zero(),
    |             ^^^^^^^^^^^ help: try removing the `clone` call: `s.z`
    |
    = help: for further information visit https://rust-lang.github.io/rust-clippy/rust-1.97.0/index.html#clone_on_copy

warning: using `clone` on type `S` which implements the `Copy` trait
   --> src/matrix.rs:375:26
    |
375 |             s.z.clone(), u.z.clone(), -f.z.clone(), S::zero(),
    |                          ^^^^^^^^^^^ help: try removing the `clone` call: `u.z`
    |
    = help: for further information visit https://rust-lang.github.io/rust-clippy/rust-1.97.0/index.html#clone_on_copy

warning: using `clone` on type `S` which implements the `Copy` trait
   --> src/matrix.rs:375:40
    |
375 |             s.z.clone(), u.z.clone(), -f.z.clone(), S::zero(),
    |                                        ^^^^^^^^^^^ help: try removing the `clone` call: `f.z`
    |
    = help: for further information visit https://rust-lang.github.io/rust-clippy/rust-1.97.0/index.html#clone_on_copy

warning: the following explicit lifetimes could be elided: 'a
    --> src/matrix.rs:1380:22
     |
1380 |             fn index<'a>(&'a self, i: $I) -> &'a $Output {
     |                      ^^   ^^                  ^^
...
1396 | index_operators!(Matrix2<S>, 2, Vector2<S>, usize);
     | -------------------------------------------------- in this macro invocation
     |
     = help: for further information visit https://rust-lang.github.io/rust-clippy/rust-1.97.0/index.html#needless_lifetimes
     = note: `#[warn(clippy::needless_lifetimes)]` on by default
     = note: this warning originates in the macro `index_operators` (in Nightly builds, run with -Z macro-backtrace for more info)
help: elide the lifetimes
     |
1380 -             fn index<'a>(&'a self, i: $I) -> &'a $Output {
1380 +             fn index(&self, i: $I) -> &$Output {
     |

warning: the following explicit lifetimes could be elided: 'a
    --> src/matrix.rs:1388:26
     |
1388 |             fn index_mut<'a>(&'a mut self, i: $I) -> &'a mut $Output {
     |                          ^^   ^^                      ^^
...
1396 | index_operators!(Matrix2<S>, 2, Vector2<S>, usize);
     | -------------------------------------------------- in this macro invocation
     |
     = help: for further information visit https://rust-lang.github.io/rust-clippy/rust-1.97.0/index.html#needless_lifetimes
     = note: this warning originates in the macro `index_operators` (in Nightly builds, run with -Z macro-backtrace for more info)
help: elide the lifetimes
     |
1388 -             fn index_mut<'a>(&'a mut self, i: $I) -> &'a mut $Output {
1388 +             fn index_mut(&mut self, i: $I) -> &mut $Output {
     |

warning: the following explicit lifetimes could be elided: 'a
    --> src/matrix.rs:1380:22
     |
1380 |             fn index<'a>(&'a self, i: $I) -> &'a $Output {
     |                      ^^   ^^                  ^^
...
1397 | index_operators!(Matrix3<S>, 3, Vector3<S>, usize);
     | -------------------------------------------------- in this macro invocation
     |
     = help: for further information visit https://rust-lang.github.io/rust-clippy/rust-1.97.0/index.html#needless_lifetimes
     = note: this warning originates in the macro `index_operators` (in Nightly builds, run with -Z macro-backtrace for more info)
help: elide the lifetimes
     |
1380 -             fn index<'a>(&'a self, i: $I) -> &'a $Output {
1380 +             fn index(&self, i: $I) -> &$Output {
     |

warning: the following explicit lifetimes could be elided: 'a
    --> src/matrix.rs:1388:26
     |
1388 |             fn index_mut<'a>(&'a mut self, i: $I) -> &'a mut $Output {
     |                          ^^   ^^                      ^^
...
1397 | index_operators!(Matrix3<S>, 3, Vector3<S>, usize);
     | -------------------------------------------------- in this macro invocation
     |
     = help: for further information visit https://rust-lang.github.io/rust-clippy/rust-1.97.0/index.html#needless_lifetimes
     = note: this warning originates in the macro `index_operators` (in Nightly builds, run with -Z macro-backtrace for more info)
help: elide the lifetimes
     |
1388 -             fn index_mut<'a>(&'a mut self, i: $I) -> &'a mut $Output {
1388 +             fn index_mut(&mut self, i: $I) -> &mut $Output {
     |

warning: the following explicit lifetimes could be elided: 'a
    --> src/matrix.rs:1380:22
     |
1380 |             fn index<'a>(&'a self, i: $I) -> &'a $Output {
     |                      ^^   ^^                  ^^
...
1398 | index_operators!(Matrix4<S>, 4, Vector4<S>, usize);
     | -------------------------------------------------- in this macro invocation
     |
     = help: for further information visit https://rust-lang.github.io/rust-clippy/rust-1.97.0/index.html#needless_lifetimes
     = note: this warning originates in the macro `index_operators` (in Nightly builds, run with -Z macro-backtrace for more info)
help: elide the lifetimes
     |
1380 -             fn index<'a>(&'a self, i: $I) -> &'a $Output {
1380 +             fn index(&self, i: $I) -> &$Output {
     |

warning: the following explicit lifetimes could be elided: 'a
    --> src/matrix.rs:1388:26
     |
1388 |             fn index_mut<'a>(&'a mut self, i: $I) -> &'a mut $Output {
     |                          ^^   ^^                      ^^
...
1398 | index_operators!(Matrix4<S>, 4, Vector4<S>, usize);
     | -------------------------------------------------- in this macro invocation
     |
     = help: for further information visit https://rust-lang.github.io/rust-clippy/rust-1.97.0/index.html#needless_lifetimes
     = note: this warning originates in the macro `index_operators` (in Nightly builds, run with -Z macro-backtrace for more info)
help: elide the lifetimes
     |
1388 -             fn index_mut<'a>(&'a mut self, i: $I) -> &'a mut $Output {
1388 +             fn index_mut(&mut self, i: $I) -> &mut $Output {
     |

warning: an implementation of `From` is preferred since it gives you `Into<_>` for free where the reverse isn't true
    --> src/matrix.rs:1453:9
     |
1453 |         impl<$S> Into<[[$S; $n]; $n]> for $MatrixN<$S> {
     |         ^^^^^^^^^^^^^^^^^^^^^^^^^^^^^^^^^^^^^^^^^^^^^^
...
1542 | fixed_array_conversions!(Matrix2<S> { x:0, y:1 }, 2);
     | ---------------------------------------------------- in this macro invocation
     |
     = help: `impl From<Local> for Foreign` is allowed by the orphan rules, for more information see
             https://doc.rust-lang.org/reference/items/implementations.html#trait-implementation-coherence
     = help: replace the `Into` implementation with `From<matrix::Matrix2<S>>`
     = help: for further information visit https://rust-lang.github.io/rust-clippy/rust-1.97.0/index.html#from_over_into
     = note: `#[warn(clippy::from_over_into)]` on by default
     = note: this warning originates in the macro `fixed_array_conversions` (in Nightly builds, run with -Z macro-backtrace for more info)

warning: an implementation of `From` is preferred since it gives you `Into<_>` for free where the reverse isn't true
    --> src/matrix.rs:1453:9
     |
1453 |         impl<$S> Into<[[$S; $n]; $n]> for $MatrixN<$S> {
     |         ^^^^^^^^^^^^^^^^^^^^^^^^^^^^^^^^^^^^^^^^^^^^^^
...
1543 | fixed_array_conversions!(Matrix3<S> { x:0, y:1, z:2 }, 3);
     | --------------------------------------------------------- in this macro invocation
     |
     = help: `impl From<Local> for Foreign` is allowed by the orphan rules, for more information see
             https://doc.rust-lang.org/reference/items/implementations.html#trait-implementation-coherence
     = help: replace the `Into` implementation with `From<matrix::Matrix3<S>>`
     = help: for further information visit https://rust-lang.github.io/rust-clippy/rust-1.97.0/index.html#from_over_into
     = note: this warning originates in the macro `fixed_array_conversions` (in Nightly builds, run with -Z macro-backtrace for more info)

warning: an implementation of `From` is preferred since it gives you `Into<_>` for free where the reverse isn't true
    --> src/matrix.rs:1453:9
     |
1453 |         impl<$S> Into<[[$S; $n]; $n]> for $MatrixN<$S> {
     |         ^^^^^^^^^^^^^^^^^^^^^^^^^^^^^^^^^^^^^^^^^^^^^^
...
1544 | fixed_array_conversions!(Matrix4<S> { x:0, y:1, z:2, w:3 }, 4);
     | -------------------------------------------------------------- in this macro invocation
     |
     = help: `impl From<Local> for Foreign` is allowed by the orphan rules, for more information see
             https://doc.rust-lang.org/reference/items/implementations.html#trait-implementation-coherence
     = help: replace the `Into` implementation with `From<matrix::Matrix4<S>>`
     = help: for further information visit https://rust-lang.github.io/rust-clippy/rust-1.97.0/index.html#from_over_into
     = note: this warning originates in the macro `fixed_array_conversions` (in Nightly builds, run with -Z macro-backtrace for more info)

warning: an implementation of `From` is preferred since it gives you `Into<_>` for free where the reverse isn't true
    --> src/matrix.rs:1549:9
     |
1549 |         impl<S: Clone> Into<mint::$MintN<S>> for $MatrixN<S> {
     |         ^^^^^^^^^^^^^^^^^^^^^^^^^^^^^^^^^^^^^^^^^^^^^^^^^^^^
...
1567 | mint_conversions!(Matrix2 { x, y }, ColumnMatrix2);
     | -------------------------------------------------- in this macro invocation
     |
     = help: `impl From<Local> for Foreign` is allowed by the orphan rules, for more information see
             https://doc.rust-lang.org/reference/items/implementations.html#trait-implementation-coherence
     = help: replace the `Into` implementation with `From<matrix::Matrix2<S>>`
     = help: for further information visit https://rust-lang.github.io/rust-clippy/rust-1.97.0/index.html#from_over_into
     = note: this warning originates in the macro `mint_conversions` (in Nightly builds, run with -Z macro-backtrace for more info)

warning: an implementation of `From` is preferred since it gives you `Into<_>` for free where the reverse isn't true
    --> src/matrix.rs:1549:9
     |
1549 |         impl<S: Clone> Into<mint::$MintN<S>> for $MatrixN<S> {
     |         ^^^^^^^^^^^^^^^^^^^^^^^^^^^^^^^^^^^^^^^^^^^^^^^^^^^^
...
1569 | mint_conversions!(Matrix3 { x, y, z }, ColumnMatrix3);
     | ----------------------------------------------------- in this macro invocation
     |
     = help: `impl From<Local> for Foreign` is allowed by the orphan rules, for more information see
             https://doc.rust-lang.org/reference/items/implementations.html#trait-implementation-coherence
     = help: replace the `Into` implementation with `From<matrix::Matrix3<S>>`
     = help: for further information visit https://rust-lang.github.io/rust-clippy/rust-1.97.0/index.html#from_over_into
     = note: this warning originates in the macro `mint_conversions` (in Nightly builds, run with -Z macro-backtrace for more info)

warning: an implementation of `From` is preferred since it gives you `Into<_>` for free where the reverse isn't true
    --> src/matrix.rs:1549:9
     |
1549 |         impl<S: Clone> Into<mint::$MintN<S>> for $MatrixN<S> {
     |         ^^^^^^^^^^^^^^^^^^^^^^^^^^^^^^^^^^^^^^^^^^^^^^^^^^^^
...
1571 | mint_conversions!(Matrix4 { x, y, z, w }, ColumnMatrix4);
     | -------------------------------------------------------- in this macro invocation
     |
     = help: `impl From<Local> for Foreign` is allowed by the orphan rules, for more information see
             https://doc.rust-lang.org/reference/items/implementations.html#trait-implementation-coherence
     = help: replace the `Into` implementation with `From<matrix::Matrix4<S>>`
     = help: for further information visit https://rust-lang.github.io/rust-clippy/rust-1.97.0/index.html#from_over_into
     = note: this warning originates in the macro `mint_conversions` (in Nightly builds, run with -Z macro-backtrace for more info)

warning: this `match` expression can be replaced with `?`
   --> src/quaternion.rs:232:17
    |
232 |           let s = match NumCast::from(self.s) {
    |  _________________^
233 | |             Some(s) => s,
234 | |             None => return None,
235 | |         };
    | |_________^ help: try instead: `NumCast::from(self.s)?`
    |
    = help: for further information visit https://rust-lang.github.io/rust-clippy/rust-1.97.0/index.html#question_mark
    = note: `#[warn(clippy::question_mark)]` on by default

warning: this `match` expression can be replaced with `?`
   --> src/quaternion.rs:236:17
    |
236 |           let v = match self.v.cast() {
    |  _________________^
237 | |             Some(v) => v,
238 | |             None => return None,
239 | |         };
    | |_________^ help: try instead: `self.v.cast()?`
    |
    = help: for further information visit https://rust-lang.github.io/rust-clippy/rust-1.97.0/index.html#question_mark

warning: using `clone` on type `Vector3<S>` which implements the `Copy` trait
   --> src/quaternion.rs:313:19
    |
313 |         let rhs = rhs.clone();
    |                   ^^^^^^^^^^^ help: try removing the `clone` call: `rhs`
    |
    = help: for further information visit https://rust-lang.github.io/rust-clippy/rust-1.97.0/index.html#clone_on_copy

warning: using `clone` on type `Vector3<S>` which implements the `Copy` trait
   --> src/quaternion.rs:313:19
    |
313 |         let rhs = rhs.clone();
    |                   ^^^^^^^^^^^ help: try dereferencing it: `*rhs`
    |
    = help: for further information visit https://rust-lang.github.io/rust-clippy/rust-1.97.0/index.html#clone_on_copy

warning: an implementation of `From` is preferred since it gives you `Into<_>` for free where the reverse isn't true
   --> src/quaternion.rs:541:1
    |
541 | impl<S: BaseFloat> Into<[S; 4]> for Quaternion<S> {
    | ^^^^^^^^^^^^^^^^^^^^^^^^^^^^^^^^^^^^^^^^^^^^^^^^^
    |
    = help: `impl From<Local> for Foreign` is allowed by the orphan rules, for more information see
            https://doc.rust-lang.org/reference/items/implementations.html#trait-implementation-coherence
    = help: for further information visit https://rust-lang.github.io/rust-clippy/rust-1.97.0/index.html#from_over_into
help: replace the `Into` implementation with `From<quaternion::Quaternion<S>>`
    |
541 ~ impl<S: BaseFloat> From<Quaternion<S>> for [S; 4] {
542 |     #[inline]
543 ~     fn from(val: Quaternion<S>) -> Self {
544 ~         match val.into() {
    |

warning: this match could be written as a `let` statement
   --> src/quaternion.rs:544:9
    |
544 | /         match self.into() {
545 | |             (xi, yj, zk, w) => [xi, yj, zk, w],
546 | |         }
    | |_________^
    |
    = help: for further information visit https://rust-lang.github.io/rust-clippy/rust-1.97.0/index.html#match_single_binding
    = note: `#[warn(clippy::match_single_binding)]` on by default
help: consider using a `let` statement
    |
544 ~         let (xi, yj, zk, w) = self.into();
545 +         [xi, yj, zk, w]
    |

warning: an implementation of `From` is preferred since it gives you `Into<_>` for free where the reverse isn't true
   --> src/quaternion.rs:585:1
    |
585 | impl<S: BaseFloat> Into<(S, S, S, S)> for Quaternion<S> {
    | ^^^^^^^^^^^^^^^^^^^^^^^^^^^^^^^^^^^^^^^^^^^^^^^^^^^^^^^
    |
    = help: `impl From<Local> for Foreign` is allowed by the orphan rules, for more information see
            https://doc.rust-lang.org/reference/items/implementations.html#trait-implementation-coherence
    = help: for further information visit https://rust-lang.github.io/rust-clippy/rust-1.97.0/index.html#from_over_into
help: replace the `Into` implementation with `From<quaternion::Quaternion<S>>`
    |
585 ~ impl<S: BaseFloat> From<Quaternion<S>> for (S, S, S, S) {
586 |     #[inline]
587 ~     fn from(val: Quaternion<S>) -> Self {
588 ~         match val {
    |

warning: this match could be written as a `let` statement
   --> src/quaternion.rs:588:9
    |
588 | /         match self {
589 | |             Quaternion {
590 | |                 s,
591 | |                 v: Vector3 { x, y, z },
592 | |             } => (x, y, z, s),
593 | |         }
    | |_________^
    |
    = help: for further information visit https://rust-lang.github.io/rust-clippy/rust-1.97.0/index.html#match_single_binding
help: consider using a `let` statement
    |
588 ~         let Quaternion {
589 +                 s,
590 +                 v: Vector3 { x, y, z },
591 +             } = self;
592 +         (x, y, z, s)
    |

warning: this match could be written as a `let` statement
   --> src/quaternion.rs:614:9
    |
614 | /         match v {
615 | |             (xi, yj, zk, w) => Quaternion::new(w, xi, yj, zk),
616 | |         }
    | |_________^
    |
    = help: for further information visit https://rust-lang.github.io/rust-clippy/rust-1.97.0/index.html#match_single_binding
help: consider using a `let` statement
    |
614 ~         let (xi, yj, zk, w) = v;
615 +         Quaternion::new(w, xi, yj, zk)
    |

warning: the following explicit lifetimes could be elided: 'a
   --> src/quaternion.rs:640:22
    |
640 |             fn index<'a>(&'a self, i: $I) -> &'a $Output {
    |                      ^^   ^^                  ^^
...
656 | index_operators!(S, S, usize);
    | ----------------------------- in this macro invocation
    |
    = help: for further information visit https://rust-lang.github.io/rust-clippy/rust-1.97.0/index.html#needless_lifetimes
    = note: this warning originates in the macro `index_operators` (in Nightly builds, run with -Z macro-backtrace for more info)
help: elide the lifetimes
    |
640 -             fn index<'a>(&'a self, i: $I) -> &'a $Output {
640 +             fn index(&self, i: $I) -> &$Output {
    |

warning: the following explicit lifetimes could be elided: 'a
   --> src/quaternion.rs:648:26
    |
648 |             fn index_mut<'a>(&'a mut self, i: $I) -> &'a mut $Output {
    |                          ^^   ^^                      ^^
...
656 | index_operators!(S, S, usize);
    | ----------------------------- in this macro invocation
    |
    = help: for further information visit https://rust-lang.github.io/rust-clippy/rust-1.97.0/index.html#needless_lifetimes
    = note: this warning originates in the macro `index_operators` (in Nightly builds, run with -Z macro-backtrace for more info)
help: elide the lifetimes
    |
648 -             fn index_mut<'a>(&'a mut self, i: $I) -> &'a mut $Output {
648 +             fn index_mut(&mut self, i: $I) -> &mut $Output {
    |

warning: the following explicit lifetimes could be elided: 'a
   --> src/quaternion.rs:640:22
    |
640 |             fn index<'a>(&'a self, i: $I) -> &'a $Output {
    |                      ^^   ^^                  ^^
...
657 | index_operators!(S, [S], Range<usize>);
    | -------------------------------------- in this macro invocation
    |
    = help: for further information visit https://rust-lang.github.io/rust-clippy/rust-1.97.0/index.html#needless_lifetimes
    = note: this warning originates in the macro `index_operators` (in Nightly builds, run with -Z macro-backtrace for more info)
help: elide the lifetimes
    |
640 -             fn index<'a>(&'a self, i: $I) -> &'a $Output {
640 +             fn index(&self, i: $I) -> &$Output {
    |

warning: the following explicit lifetimes could be elided: 'a
   --> src/quaternion.rs:648:26
    |
648 |             fn index_mut<'a>(&'a mut self, i: $I) -> &'a mut $Output {
    |                          ^^   ^^                      ^^
...
657 | index_operators!(S, [S], Range<usize>);
    | -------------------------------------- in this macro invocation
    |
    = help: for further information visit https://rust-lang.github.io/rust-clippy/rust-1.97.0/index.html#needless_lifetimes
    = note: this warning originates in the macro `index_operators` (in Nightly builds, run with -Z macro-backtrace for more info)
help: elide the lifetimes
    |
648 -             fn index_mut<'a>(&'a mut self, i: $I) -> &'a mut $Output {
648 +             fn index_mut(&mut self, i: $I) -> &mut $Output {
    |

warning: the following explicit lifetimes could be elided: 'a
   --> src/quaternion.rs:640:22
    |
640 |             fn index<'a>(&'a self, i: $I) -> &'a $Output {
    |                      ^^   ^^                  ^^
...
658 | index_operators!(S, [S], RangeTo<usize>);
    | ---------------------------------------- in this macro invocation
    |
    = help: for further information visit https://rust-lang.github.io/rust-clippy/rust-1.97.0/index.html#needless_lifetimes
    = note: this warning originates in the macro `index_operators` (in Nightly builds, run with -Z macro-backtrace for more info)
help: elide the lifetimes
    |
640 -             fn index<'a>(&'a self, i: $I) -> &'a $Output {
640 +             fn index(&self, i: $I) -> &$Output {
    |

warning: the following explicit lifetimes could be elided: 'a
   --> src/quaternion.rs:648:26
    |
648 |             fn index_mut<'a>(&'a mut self, i: $I) -> &'a mut $Output {
    |                          ^^   ^^                      ^^
...
658 | index_operators!(S, [S], RangeTo<usize>);
    | ---------------------------------------- in this macro invocation
    |
    = help: for further information visit https://rust-lang.github.io/rust-clippy/rust-1.97.0/index.html#needless_lifetimes
    = note: this warning originates in the macro `index_operators` (in Nightly builds, run with -Z macro-backtrace for more info)
help: elide the lifetimes
    |
648 -             fn index_mut<'a>(&'a mut self, i: $I) -> &'a mut $Output {
648 +             fn index_mut(&mut self, i: $I) -> &mut $Output {
    |

warning: the following explicit lifetimes could be elided: 'a
   --> src/quaternion.rs:640:22
    |
640 |             fn index<'a>(&'a self, i: $I) -> &'a $Output {
    |                      ^^   ^^                  ^^
...
659 | index_operators!(S, [S], RangeFrom<usize>);
    | ------------------------------------------ in this macro invocation
    |
    = help: for further information visit https://rust-lang.github.io/rust-clippy/rust-1.97.0/index.html#needless_lifetimes
    = note: this warning originates in the macro `index_operators` (in Nightly builds, run with -Z macro-backtrace for more info)
help: elide the lifetimes
    |
640 -             fn index<'a>(&'a self, i: $I) -> &'a $Output {
640 +             fn index(&self, i: $I) -> &$Output {
    |

warning: the following explicit lifetimes could be elided: 'a
   --> src/quaternion.rs:648:26
    |
648 |             fn index_mut<'a>(&'a mut self, i: $I) -> &'a mut $Output {
    |                          ^^   ^^                      ^^
...
659 | index_operators!(S, [S], RangeFrom<usize>);
    | ------------------------------------------ in this macro invocation
    |
    = help: for further information visit https://rust-lang.github.io/rust-clippy/rust-1.97.0/index.html#needless_lifetimes
    = note: this warning originates in the macro `index_operators` (in Nightly builds, run with -Z macro-backtrace for more info)
help: elide the lifetimes
    |
648 -             fn index_mut<'a>(&'a mut self, i: $I) -> &'a mut $Output {
648 +             fn index_mut(&mut self, i: $I) -> &mut $Output {
    |

warning: the following explicit lifetimes could be elided: 'a
   --> src/quaternion.rs:640:22
    |
640 |             fn index<'a>(&'a self, i: $I) -> &'a $Output {
    |                      ^^   ^^                  ^^
...
660 | index_operators!(S, [S], RangeFull);
    | ----------------------------------- in this macro invocation
    |
    = help: for further information visit https://rust-lang.github.io/rust-clippy/rust-1.97.0/index.html#needless_lifetimes
    = note: this warning originates in the macro `index_operators` (in Nightly builds, run with -Z macro-backtrace for more info)
help: elide the lifetimes
    |
640 -             fn index<'a>(&'a self, i: $I) -> &'a $Output {
640 +             fn index(&self, i: $I) -> &$Output {
    |

warning: the following explicit lifetimes could be elided: 'a
   --> src/quaternion.rs:648:26
    |
648 |             fn index_mut<'a>(&'a mut self, i: $I) -> &'a mut $Output {
    |                          ^^   ^^                      ^^
...
660 | index_operators!(S, [S], RangeFull);
    | ----------------------------------- in this macro invocation
    |
    = help: for further information visit https://rust-lang.github.io/rust-clippy/rust-1.97.0/index.html#needless_lifetimes
    = note: this warning originates in the macro `index_operators` (in Nightly builds, run with -Z macro-backtrace for more info)
help: elide the lifetimes
    |
648 -             fn index_mut<'a>(&'a mut self, i: $I) -> &'a mut $Output {
648 +             fn index_mut(&mut self, i: $I) -> &mut $Output {
    |

warning: an implementation of `From` is preferred since it gives you `Into<_>` for free where the reverse isn't true
   --> src/quaternion.rs:686:1
    |
686 | impl<S: Clone> Into<mint::Quaternion<S>> for Quaternion<S> {
    | ^^^^^^^^^^^^^^^^^^^^^^^^^^^^^^^^^^^^^^^^^^^^^^^^^^^^^^^^^^
    |
    = help: `impl From<Local> for Foreign` is allowed by the orphan rules, for more information see
            https://doc.rust-lang.org/reference/items/implementations.html#trait-implementation-coherence
    = help: for further information visit https://rust-lang.github.io/rust-clippy/rust-1.97.0/index.html#from_over_into
help: replace the `Into` implementation with `From<quaternion::Quaternion<S>>`
    |
686 ~ impl<S: Clone> From<Quaternion<S>> for mint::Quaternion<S> {
687 ~     fn from(val: Quaternion<S>) -> Self {
688 |         mint::Quaternion {
689 ~             s: val.s,
690 ~             v: val.v.into(),
    |

warning: the following explicit lifetimes could be elided: 'a
   --> src/macros.rs:270:22
    |
270 |             fn index<'a>(&'a self, i: $I) -> &'a $Output {
    |                      ^^   ^^                  ^^
    |
   ::: src/vector.rs:374:1
    |
374 | impl_vector!(Vector1 { x }, 1, vec1);
    | ------------------------------------ in this macro invocation
    |
    = help: for further information visit https://rust-lang.github.io/rust-clippy/rust-1.97.0/index.html#needless_lifetimes
    = note: this warning originates in the macro `impl_index_operators` which comes from the expansion of the macro `impl_vector` (in Nightly builds, run with -Z macro-backtrace for more info)
help: elide the lifetimes
    |
270 -             fn index<'a>(&'a self, i: $I) -> &'a $Output {
270 +             fn index(&self, i: $I) -> &$Output {
    |

warning: the following explicit lifetimes could be elided: 'a
   --> src/macros.rs:278:26
    |
278 |             fn index_mut<'a>(&'a mut self, i: $I) -> &'a mut $Output {
    |                          ^^   ^^                      ^^
    |
   ::: src/vector.rs:374:1
    |
374 | impl_vector!(Vector1 { x }, 1, vec1);
    | ------------------------------------ in this macro invocation
    |
    = help: for further information visit https://rust-lang.github.io/rust-clippy/rust-1.97.0/index.html#needless_lifetimes
    = note: this warning originates in the macro `impl_index_operators` which comes from the expansion of the macro `impl_vector` (in Nightly builds, run with -Z macro-backtrace for more info)
help: elide the lifetimes
    |
278 -             fn index_mut<'a>(&'a mut self, i: $I) -> &'a mut $Output {
278 +             fn index_mut(&mut self, i: $I) -> &mut $Output {
    |

warning: the following explicit lifetimes could be elided: 'a
   --> src/macros.rs:270:22
    |
270 |             fn index<'a>(&'a self, i: $I) -> &'a $Output {
    |                      ^^   ^^                  ^^
    |
   ::: src/vector.rs:375:1
    |
375 | impl_vector!(Vector2 { x, y }, 2, vec2);
    | --------------------------------------- in this macro invocation
    |
    = help: for further information visit https://rust-lang.github.io/rust-clippy/rust-1.97.0/index.html#needless_lifetimes
    = note: this warning originates in the macro `impl_index_operators` which comes from the expansion of the macro `impl_vector` (in Nightly builds, run with -Z macro-backtrace for more info)
help: elide the lifetimes
    |
270 -             fn index<'a>(&'a self, i: $I) -> &'a $Output {
270 +             fn index(&self, i: $I) -> &$Output {
    |

warning: the following explicit lifetimes could be elided: 'a
   --> src/macros.rs:278:26
    |
278 |             fn index_mut<'a>(&'a mut self, i: $I) -> &'a mut $Output {
    |                          ^^   ^^                      ^^
    |
   ::: src/vector.rs:375:1
    |
375 | impl_vector!(Vector2 { x, y }, 2, vec2);
    | --------------------------------------- in this macro invocation
    |
    = help: for further information visit https://rust-lang.github.io/rust-clippy/rust-1.97.0/index.html#needless_lifetimes
    = note: this warning originates in the macro `impl_index_operators` which comes from the expansion of the macro `impl_vector` (in Nightly builds, run with -Z macro-backtrace for more info)
help: elide the lifetimes
    |
278 -             fn index_mut<'a>(&'a mut self, i: $I) -> &'a mut $Output {
278 +             fn index_mut(&mut self, i: $I) -> &mut $Output {
    |

warning: the following explicit lifetimes could be elided: 'a
   --> src/macros.rs:270:22
    |
270 |             fn index<'a>(&'a self, i: $I) -> &'a $Output {
    |                      ^^   ^^                  ^^
    |
   ::: src/vector.rs:376:1
    |
376 | impl_vector!(Vector3 { x, y, z }, 3, vec3);
    | ------------------------------------------ in this macro invocation
    |
    = help: for further information visit https://rust-lang.github.io/rust-clippy/rust-1.97.0/index.html#needless_lifetimes
    = note: this warning originates in the macro `impl_index_operators` which comes from the expansion of the macro `impl_vector` (in Nightly builds, run with -Z macro-backtrace for more info)
help: elide the lifetimes
    |
270 -             fn index<'a>(&'a self, i: $I) -> &'a $Output {
270 +             fn index(&self, i: $I) -> &$Output {
    |

warning: the following explicit lifetimes could be elided: 'a
   --> src/macros.rs:278:26
    |
278 |             fn index_mut<'a>(&'a mut self, i: $I) -> &'a mut $Output {
    |                          ^^   ^^                      ^^
    |
   ::: src/vector.rs:376:1
    |
376 | impl_vector!(Vector3 { x, y, z }, 3, vec3);
    | ------------------------------------------ in this macro invocation
    |
    = help: for further information visit https://rust-lang.github.io/rust-clippy/rust-1.97.0/index.html#needless_lifetimes
    = note: this warning originates in the macro `impl_index_operators` which comes from the expansion of the macro `impl_vector` (in Nightly builds, run with -Z macro-backtrace for more info)
help: elide the lifetimes
    |
278 -             fn index_mut<'a>(&'a mut self, i: $I) -> &'a mut $Output {
278 +             fn index_mut(&mut self, i: $I) -> &mut $Output {
    |

warning: the following explicit lifetimes could be elided: 'a
   --> src/macros.rs:270:22
    |
270 |             fn index<'a>(&'a self, i: $I) -> &'a $Output {
    |                      ^^   ^^                  ^^
    |
   ::: src/vector.rs:377:1
    |
377 | impl_vector!(Vector4 { x, y, z, w }, 4, vec4);
    | --------------------------------------------- in this macro invocation
    |
    = help: for further information visit https://rust-lang.github.io/rust-clippy/rust-1.97.0/index.html#needless_lifetimes
    = note: this warning originates in the macro `impl_index_operators` which comes from the expansion of the macro `impl_vector` (in Nightly builds, run with -Z macro-backtrace for more info)
help: elide the lifetimes
    |
270 -             fn index<'a>(&'a self, i: $I) -> &'a $Output {
270 +             fn index(&self, i: $I) -> &$Output {
    |

warning: the following explicit lifetimes could be elided: 'a
   --> src/macros.rs:278:26
    |
278 |             fn index_mut<'a>(&'a mut self, i: $I) -> &'a mut $Output {
    |                          ^^   ^^                      ^^
    |
   ::: src/vector.rs:377:1
    |
377 | impl_vector!(Vector4 { x, y, z, w }, 4, vec4);
    | --------------------------------------------- in this macro invocation
    |
    = help: for further information visit https://rust-lang.github.io/rust-clippy/rust-1.97.0/index.html#needless_lifetimes
    = note: this warning originates in the macro `impl_index_operators` which comes from the expansion of the macro `impl_vector` (in Nightly builds, run with -Z macro-backtrace for more info)
help: elide the lifetimes
    |
278 -             fn index_mut<'a>(&'a mut self, i: $I) -> &'a mut $Output {
278 +             fn index_mut(&mut self, i: $I) -> &mut $Output {
    |

warning: an implementation of `From` is preferred since it gives you `Into<_>` for free where the reverse isn't true
   --> src/macros.rs:171:9
    |
171 |         impl<$S> Into<[$S; $n]> for $ArrayN<$S> {
    |         ^^^^^^^^^^^^^^^^^^^^^^^^^^^^^^^^^^^^^^^
    |
   ::: src/vector.rs:379:1
    |
379 | impl_fixed_array_conversions!(Vector1<S> { x: 0 }, 1);
    | ----------------------------------------------------- in this macro invocation
    |
    = help: `impl From<Local> for Foreign` is allowed by the orphan rules, for more information see
            https://doc.rust-lang.org/reference/items/implementations.html#trait-implementation-coherence
    = help: replace the `Into` implementation with `From<vector::Vector1<S>>`
    = help: for further information visit https://rust-lang.github.io/rust-clippy/rust-1.97.0/index.html#from_over_into
    = note: this warning originates in the macro `impl_fixed_array_conversions` (in Nightly builds, run with -Z macro-backtrace for more info)

warning: an implementation of `From` is preferred since it gives you `Into<_>` for free where the reverse isn't true
   --> src/macros.rs:171:9
    |
171 |         impl<$S> Into<[$S; $n]> for $ArrayN<$S> {
    |         ^^^^^^^^^^^^^^^^^^^^^^^^^^^^^^^^^^^^^^^
    |
   ::: src/vector.rs:380:1
    |
380 | impl_fixed_array_conversions!(Vector2<S> { x: 0, y: 1 }, 2);
    | ----------------------------------------------------------- in this macro invocation
    |
    = help: `impl From<Local> for Foreign` is allowed by the orphan rules, for more information see
            https://doc.rust-lang.org/reference/items/implementations.html#trait-implementation-coherence
    = help: replace the `Into` implementation with `From<vector::Vector2<S>>`
    = help: for further information visit https://rust-lang.github.io/rust-clippy/rust-1.97.0/index.html#from_over_into
    = note: this warning originates in the macro `impl_fixed_array_conversions` (in Nightly builds, run with -Z macro-backtrace for more info)

warning: an implementation of `From` is preferred since it gives you `Into<_>` for free where the reverse isn't true
   --> src/macros.rs:171:9
    |
171 |         impl<$S> Into<[$S; $n]> for $ArrayN<$S> {
    |         ^^^^^^^^^^^^^^^^^^^^^^^^^^^^^^^^^^^^^^^
    |
   ::: src/vector.rs:381:1
    |
381 | impl_fixed_array_conversions!(Vector3<S> { x: 0, y: 1, z: 2 }, 3);
    | ----------------------------------------------------------------- in this macro invocation
    |
    = help: `impl From<Local> for Foreign` is allowed by the orphan rules, for more information see
            https://doc.rust-lang.org/reference/items/implementations.html#trait-implementation-coherence
    = help: replace the `Into` implementation with `From<vector::Vector3<S>>`
    = help: for further information visit https://rust-lang.github.io/rust-clippy/rust-1.97.0/index.html#from_over_into
    = note: this warning originates in the macro `impl_fixed_array_conversions` (in Nightly builds, run with -Z macro-backtrace for more info)

warning: an implementation of `From` is preferred since it gives you `Into<_>` for free where the reverse isn't true
   --> src/macros.rs:171:9
    |
171 |         impl<$S> Into<[$S; $n]> for $ArrayN<$S> {
    |         ^^^^^^^^^^^^^^^^^^^^^^^^^^^^^^^^^^^^^^^
    |
   ::: src/vector.rs:382:1
    |
382 | impl_fixed_array_conversions!(Vector4<S> { x: 0, y: 1, z: 2, w: 3 }, 4);
    | ----------------------------------------------------------------------- in this macro invocation
    |
    = help: `impl From<Local> for Foreign` is allowed by the orphan rules, for more information see
            https://doc.rust-lang.org/reference/items/implementations.html#trait-implementation-coherence
    = help: replace the `Into` implementation with `From<vector::Vector4<S>>`
    = help: for further information visit https://rust-lang.github.io/rust-clippy/rust-1.97.0/index.html#from_over_into
    = note: this warning originates in the macro `impl_fixed_array_conversions` (in Nightly builds, run with -Z macro-backtrace for more info)

warning: an implementation of `From` is preferred since it gives you `Into<_>` for free where the reverse isn't true
   --> src/macros.rs:219:9
    |
219 |         impl<$S> Into<$Tuple> for $ArrayN<$S> {
    |         ^^^^^^^^^^^^^^^^^^^^^^^^^^^^^^^^^^^^^
    |
   ::: src/vector.rs:384:1
    |
384 | impl_tuple_conversions!(Vector1<S> { x }, (S,));
    | ----------------------------------------------- in this macro invocation
    |
    = help: `impl From<Local> for Foreign` is allowed by the orphan rules, for more information see
            https://doc.rust-lang.org/reference/items/implementations.html#trait-implementation-coherence
    = help: replace the `Into` implementation with `From<vector::Vector1<S>>`
    = help: for further information visit https://rust-lang.github.io/rust-clippy/rust-1.97.0/index.html#from_over_into
    = note: this warning originates in the macro `impl_tuple_conversions` (in Nightly builds, run with -Z macro-backtrace for more info)

warning: an implementation of `From` is preferred since it gives you `Into<_>` for free where the reverse isn't true
   --> src/macros.rs:219:9
    |
219 |         impl<$S> Into<$Tuple> for $ArrayN<$S> {
    |         ^^^^^^^^^^^^^^^^^^^^^^^^^^^^^^^^^^^^^
    |
   ::: src/vector.rs:385:1
    |
385 | impl_tuple_conversions!(Vector2<S> { x, y }, (S, S));
    | ---------------------------------------------------- in this macro invocation
    |
    = help: `impl From<Local> for Foreign` is allowed by the orphan rules, for more information see
            https://doc.rust-lang.org/reference/items/implementations.html#trait-implementation-coherence
    = help: replace the `Into` implementation with `From<vector::Vector2<S>>`
    = help: for further information visit https://rust-lang.github.io/rust-clippy/rust-1.97.0/index.html#from_over_into
    = note: this warning originates in the macro `impl_tuple_conversions` (in Nightly builds, run with -Z macro-backtrace for more info)

warning: an implementation of `From` is preferred since it gives you `Into<_>` for free where the reverse isn't true
   --> src/macros.rs:219:9
    |
219 |         impl<$S> Into<$Tuple> for $ArrayN<$S> {
    |         ^^^^^^^^^^^^^^^^^^^^^^^^^^^^^^^^^^^^^
    |
   ::: src/vector.rs:386:1
    |
386 | impl_tuple_conversions!(Vector3<S> { x, y, z }, (S, S, S));
    | ---------------------------------------------------------- in this macro invocation
    |
    = help: `impl From<Local> for Foreign` is allowed by the orphan rules, for more information see
            https://doc.rust-lang.org/reference/items/implementations.html#trait-implementation-coherence
    = help: replace the `Into` implementation with `From<vector::Vector3<S>>`
    = help: for further information visit https://rust-lang.github.io/rust-clippy/rust-1.97.0/index.html#from_over_into
    = note: this warning originates in the macro `impl_tuple_conversions` (in Nightly builds, run with -Z macro-backtrace for more info)

warning: an implementation of `From` is preferred since it gives you `Into<_>` for free where the reverse isn't true
   --> src/macros.rs:219:9
    |
219 |         impl<$S> Into<$Tuple> for $ArrayN<$S> {
    |         ^^^^^^^^^^^^^^^^^^^^^^^^^^^^^^^^^^^^^
    |
   ::: src/vector.rs:387:1
    |
387 | impl_tuple_conversions!(Vector4<S> { x, y, z, w }, (S, S, S, S));
    | ---------------------------------------------------------------- in this macro invocation
    |
    = help: `impl From<Local> for Foreign` is allowed by the orphan rules, for more information see
            https://doc.rust-lang.org/reference/items/implementations.html#trait-implementation-coherence
    = help: replace the `Into` implementation with `From<vector::Vector4<S>>`
    = help: for further information visit https://rust-lang.github.io/rust-clippy/rust-1.97.0/index.html#from_over_into
    = note: this warning originates in the macro `impl_tuple_conversions` (in Nightly builds, run with -Z macro-backtrace for more info)

warning: an implementation of `From` is preferred since it gives you `Into<_>` for free where the reverse isn't true
   --> src/macros.rs:385:9
    |
385 |         impl<S: Clone> Into<mint::$Mint<S>> for $ArrayN<S> {
    |         ^^^^^^^^^^^^^^^^^^^^^^^^^^^^^^^^^^^^^^^^^^^^^^^^^^
    |
   ::: src/vector.rs:601:1
    |
601 | impl_mint_conversions!(Vector2 { x, y }, Vector2);
    | ------------------------------------------------- in this macro invocation
    |
    = help: `impl From<Local> for Foreign` is allowed by the orphan rules, for more information see
            https://doc.rust-lang.org/reference/items/implementations.html#trait-implementation-coherence
    = help: replace the `Into` implementation with `From<vector::Vector2<S>>`
    = help: for further information visit https://rust-lang.github.io/rust-clippy/rust-1.97.0/index.html#from_over_into
    = note: this warning originates in the macro `impl_mint_conversions` (in Nightly builds, run with -Z macro-backtrace for more info)

warning: an implementation of `From` is preferred since it gives you `Into<_>` for free where the reverse isn't true
   --> src/macros.rs:385:9
    |
385 |         impl<S: Clone> Into<mint::$Mint<S>> for $ArrayN<S> {
    |         ^^^^^^^^^^^^^^^^^^^^^^^^^^^^^^^^^^^^^^^^^^^^^^^^^^
    |
   ::: src/vector.rs:603:1
    |
603 | impl_mint_conversions!(Vector3 { x, y, z }, Vector3);
    | ---------------------------------------------------- in this macro invocation
    |
    = help: `impl From<Local> for Foreign` is allowed by the orphan rules, for more information see
            https://doc.rust-lang.org/reference/items/implementations.html#trait-implementation-coherence
    = help: replace the `Into` implementation with `From<vector::Vector3<S>>`
    = help: for further information visit https://rust-lang.github.io/rust-clippy/rust-1.97.0/index.html#from_over_into
    = note: this warning originates in the macro `impl_mint_conversions` (in Nightly builds, run with -Z macro-backtrace for more info)

warning: an implementation of `From` is preferred since it gives you `Into<_>` for free where the reverse isn't true
   --> src/macros.rs:385:9
    |
385 |         impl<S: Clone> Into<mint::$Mint<S>> for $ArrayN<S> {
    |         ^^^^^^^^^^^^^^^^^^^^^^^^^^^^^^^^^^^^^^^^^^^^^^^^^^
    |
   ::: src/vector.rs:605:1
    |
605 | impl_mint_conversions!(Vector4 { x, y, z, w }, Vector4);
    | ------------------------------------------------------- in this macro invocation
    |
    = help: `impl From<Local> for Foreign` is allowed by the orphan rules, for more information see
            https://doc.rust-lang.org/reference/items/implementations.html#trait-implementation-coherence
    = help: replace the `Into` implementation with `From<vector::Vector4<S>>`
    = help: for further information visit https://rust-lang.github.io/rust-clippy/rust-1.97.0/index.html#from_over_into
    = note: this warning originates in the macro `impl_mint_conversions` (in Nightly builds, run with -Z macro-backtrace for more info)

warning: an implementation of `From` is preferred since it gives you `Into<_>` for free where the reverse isn't true
   --> src/euler.rs:222:1
    |
222 | impl<S: Clone, A: Angle + Into<S>> Into<MintEuler<S>> for Euler<A> {
    | ^^^^^^^^^^^^^^^^^^^^^^^^^^^^^^^^^^^^^^^^^^^^^^^^^^^^^^^^^^^^^^^^^^
    |
    = help: for further information visit https://rust-lang.github.io/rust-clippy/rust-1.97.0/index.html#from_over_into
help: replace the `Into` implementation with `From<euler::Euler<A>>`
    |
222 ~ impl<S: Clone, A: Angle + Into<S>> From<Euler<A>> for MintEuler<S> {
223 ~     fn from(val: Euler<A>) -> Self {
224 ~         MintEuler::from([val.x.into(), val.y.into(), val.z.into()])
    |

warning: the following explicit lifetimes could be elided: 'a
   --> src/macros.rs:270:22
    |
270 |             fn index<'a>(&'a self, i: $I) -> &'a $Output {
    |                      ^^   ^^                  ^^
    |
   ::: src/point.rs:342:1
    |
342 | impl_point!(Point1 { x }, Vector1, 1, point1);
    | --------------------------------------------- in this macro invocation
    |
    = help: for further information visit https://rust-lang.github.io/rust-clippy/rust-1.97.0/index.html#needless_lifetimes
    = note: this warning originates in the macro `impl_index_operators` which comes from the expansion of the macro `impl_point` (in Nightly builds, run with -Z macro-backtrace for more info)
help: elide the lifetimes
    |
270 -             fn index<'a>(&'a self, i: $I) -> &'a $Output {
270 +             fn index(&self, i: $I) -> &$Output {
    |

warning: the following explicit lifetimes could be elided: 'a
   --> src/macros.rs:278:26
    |
278 |             fn index_mut<'a>(&'a mut self, i: $I) -> &'a mut $Output {
    |                          ^^   ^^                      ^^
    |
   ::: src/point.rs:342:1
    |
342 | impl_point!(Point1 { x }, Vector1, 1, point1);
    | --------------------------------------------- in this macro invocation
    |
    = help: for further information visit https://rust-lang.github.io/rust-clippy/rust-1.97.0/index.html#needless_lifetimes
    = note: this warning originates in the macro `impl_index_operators` which comes from the expansion of the macro `impl_point` (in Nightly builds, run with -Z macro-backtrace for more info)
help: elide the lifetimes
    |
278 -             fn index_mut<'a>(&'a mut self, i: $I) -> &'a mut $Output {
278 +             fn index_mut(&mut self, i: $I) -> &mut $Output {
    |

warning: the following explicit lifetimes could be elided: 'a
   --> src/macros.rs:270:22
    |
270 |             fn index<'a>(&'a self, i: $I) -> &'a $Output {
    |                      ^^   ^^                  ^^
    |
   ::: src/point.rs:343:1
    |
343 | impl_point!(Point2 { x, y }, Vector2, 2, point2);
    | ------------------------------------------------ in this macro invocation
    |
    = help: for further information visit https://rust-lang.github.io/rust-clippy/rust-1.97.0/index.html#needless_lifetimes
    = note: this warning originates in the macro `impl_index_operators` which comes from the expansion of the macro `impl_point` (in Nightly builds, run with -Z macro-backtrace for more info)
help: elide the lifetimes
    |
270 -             fn index<'a>(&'a self, i: $I) -> &'a $Output {
270 +             fn index(&self, i: $I) -> &$Output {
    |

warning: the following explicit lifetimes could be elided: 'a
   --> src/macros.rs:278:26
    |
278 |             fn index_mut<'a>(&'a mut self, i: $I) -> &'a mut $Output {
    |                          ^^   ^^                      ^^
    |
   ::: src/point.rs:343:1
    |
343 | impl_point!(Point2 { x, y }, Vector2, 2, point2);
    | ------------------------------------------------ in this macro invocation
    |
    = help: for further information visit https://rust-lang.github.io/rust-clippy/rust-1.97.0/index.html#needless_lifetimes
    = note: this warning originates in the macro `impl_index_operators` which comes from the expansion of the macro `impl_point` (in Nightly builds, run with -Z macro-backtrace for more info)
help: elide the lifetimes
    |
278 -             fn index_mut<'a>(&'a mut self, i: $I) -> &'a mut $Output {
278 +             fn index_mut(&mut self, i: $I) -> &mut $Output {
    |

warning: the following explicit lifetimes could be elided: 'a
   --> src/macros.rs:270:22
    |
270 |             fn index<'a>(&'a self, i: $I) -> &'a $Output {
    |                      ^^   ^^                  ^^
    |
   ::: src/point.rs:344:1
    |
344 | impl_point!(Point3 { x, y, z }, Vector3, 3, point3);
    | --------------------------------------------------- in this macro invocation
    |
    = help: for further information visit https://rust-lang.github.io/rust-clippy/rust-1.97.0/index.html#needless_lifetimes
    = note: this warning originates in the macro `impl_index_operators` which comes from the expansion of the macro `impl_point` (in Nightly builds, run with -Z macro-backtrace for more info)
help: elide the lifetimes
    |
270 -             fn index<'a>(&'a self, i: $I) -> &'a $Output {
270 +             fn index(&self, i: $I) -> &$Output {
    |

warning: the following explicit lifetimes could be elided: 'a
   --> src/macros.rs:278:26
    |
278 |             fn index_mut<'a>(&'a mut self, i: $I) -> &'a mut $Output {
    |                          ^^   ^^                      ^^
    |
   ::: src/point.rs:344:1
    |
344 | impl_point!(Point3 { x, y, z }, Vector3, 3, point3);
    | --------------------------------------------------- in this macro invocation
    |
    = help: for further information visit https://rust-lang.github.io/rust-clippy/rust-1.97.0/index.html#needless_lifetimes
    = note: this warning originates in the macro `impl_index_operators` which comes from the expansion of the macro `impl_point` (in Nightly builds, run with -Z macro-backtrace for more info)
help: elide the lifetimes
    |
278 -             fn index_mut<'a>(&'a mut self, i: $I) -> &'a mut $Output {
278 +             fn index_mut(&mut self, i: $I) -> &mut $Output {
    |

warning: an implementation of `From` is preferred since it gives you `Into<_>` for free where the reverse isn't true
   --> src/macros.rs:171:9
    |
171 |         impl<$S> Into<[$S; $n]> for $ArrayN<$S> {
    |         ^^^^^^^^^^^^^^^^^^^^^^^^^^^^^^^^^^^^^^^
    |
   ::: src/point.rs:358:1
    |
358 | impl_fixed_array_conversions!(Point1<S> { x: 0 }, 1);
    | ---------------------------------------------------- in this macro invocation
    |
    = help: `impl From<Local> for Foreign` is allowed by the orphan rules, for more information see
            https://doc.rust-lang.org/reference/items/implementations.html#trait-implementation-coherence
    = help: replace the `Into` implementation with `From<point::Point1<S>>`
    = help: for further information visit https://rust-lang.github.io/rust-clippy/rust-1.97.0/index.html#from_over_into
    = note: this warning originates in the macro `impl_fixed_array_conversions` (in Nightly builds, run with -Z macro-backtrace for more info)

warning: an implementation of `From` is preferred since it gives you `Into<_>` for free where the reverse isn't true
   --> src/macros.rs:171:9
    |
171 |         impl<$S> Into<[$S; $n]> for $ArrayN<$S> {
    |         ^^^^^^^^^^^^^^^^^^^^^^^^^^^^^^^^^^^^^^^
    |
   ::: src/point.rs:359:1
    |
359 | impl_fixed_array_conversions!(Point2<S> { x: 0, y: 1 }, 2);
    | ---------------------------------------------------------- in this macro invocation
    |
    = help: `impl From<Local> for Foreign` is allowed by the orphan rules, for more information see
            https://doc.rust-lang.org/reference/items/implementations.html#trait-implementation-coherence
    = help: replace the `Into` implementation with `From<point::Point2<S>>`
    = help: for further information visit https://rust-lang.github.io/rust-clippy/rust-1.97.0/index.html#from_over_into
    = note: this warning originates in the macro `impl_fixed_array_conversions` (in Nightly builds, run with -Z macro-backtrace for more info)

warning: an implementation of `From` is preferred since it gives you `Into<_>` for free where the reverse isn't true
   --> src/macros.rs:171:9
    |
171 |         impl<$S> Into<[$S; $n]> for $ArrayN<$S> {
    |         ^^^^^^^^^^^^^^^^^^^^^^^^^^^^^^^^^^^^^^^
    |
   ::: src/point.rs:360:1
    |
360 | impl_fixed_array_conversions!(Point3<S> { x: 0, y: 1, z: 2 }, 3);
    | ---------------------------------------------------------------- in this macro invocation
    |
    = help: `impl From<Local> for Foreign` is allowed by the orphan rules, for more information see
            https://doc.rust-lang.org/reference/items/implementations.html#trait-implementation-coherence
    = help: replace the `Into` implementation with `From<point::Point3<S>>`
    = help: for further information visit https://rust-lang.github.io/rust-clippy/rust-1.97.0/index.html#from_over_into
    = note: this warning originates in the macro `impl_fixed_array_conversions` (in Nightly builds, run with -Z macro-backtrace for more info)

warning: an implementation of `From` is preferred since it gives you `Into<_>` for free where the reverse isn't true
   --> src/macros.rs:219:9
    |
219 |         impl<$S> Into<$Tuple> for $ArrayN<$S> {
    |         ^^^^^^^^^^^^^^^^^^^^^^^^^^^^^^^^^^^^^
    |
   ::: src/point.rs:362:1
    |
362 | impl_tuple_conversions!(Point1<S> { x }, (S,));
    | ---------------------------------------------- in this macro invocation
    |
    = help: `impl From<Local> for Foreign` is allowed by the orphan rules, for more information see
            https://doc.rust-lang.org/reference/items/implementations.html#trait-implementation-coherence
    = help: replace the `Into` implementation with `From<point::Point1<S>>`
    = help: for further information visit https://rust-lang.github.io/rust-clippy/rust-1.97.0/index.html#from_over_into
    = note: this warning originates in the macro `impl_tuple_conversions` (in Nightly builds, run with -Z macro-backtrace for more info)

warning: an implementation of `From` is preferred since it gives you `Into<_>` for free where the reverse isn't true
   --> src/macros.rs:219:9
    |
219 |         impl<$S> Into<$Tuple> for $ArrayN<$S> {
    |         ^^^^^^^^^^^^^^^^^^^^^^^^^^^^^^^^^^^^^
    |
   ::: src/point.rs:363:1
    |
363 | impl_tuple_conversions!(Point2<S> { x, y }, (S, S));
    | --------------------------------------------------- in this macro invocation
    |
    = help: `impl From<Local> for Foreign` is allowed by the orphan rules, for more information see
            https://doc.rust-lang.org/reference/items/implementations.html#trait-implementation-coherence
    = help: replace the `Into` implementation with `From<point::Point2<S>>`
    = help: for further information visit https://rust-lang.github.io/rust-clippy/rust-1.97.0/index.html#from_over_into
    = note: this warning originates in the macro `impl_tuple_conversions` (in Nightly builds, run with -Z macro-backtrace for more info)

warning: an implementation of `From` is preferred since it gives you `Into<_>` for free where the reverse isn't true
   --> src/macros.rs:219:9
    |
219 |         impl<$S> Into<$Tuple> for $ArrayN<$S> {
    |         ^^^^^^^^^^^^^^^^^^^^^^^^^^^^^^^^^^^^^
    |
   ::: src/point.rs:364:1
    |
364 | impl_tuple_conversions!(Point3<S> { x, y, z }, (S, S, S));
    | --------------------------------------------------------- in this macro invocation
    |
    = help: `impl From<Local> for Foreign` is allowed by the orphan rules, for more information see
            https://doc.rust-lang.org/reference/items/implementations.html#trait-implementation-coherence
    = help: replace the `Into` implementation with `From<point::Point3<S>>`
    = help: for further information visit https://rust-lang.github.io/rust-clippy/rust-1.97.0/index.html#from_over_into
    = note: this warning originates in the macro `impl_tuple_conversions` (in Nightly builds, run with -Z macro-backtrace for more info)

warning: an implementation of `From` is preferred since it gives you `Into<_>` for free where the reverse isn't true
   --> src/macros.rs:385:9
    |
385 |         impl<S: Clone> Into<mint::$Mint<S>> for $ArrayN<S> {
    |         ^^^^^^^^^^^^^^^^^^^^^^^^^^^^^^^^^^^^^^^^^^^^^^^^^^
    |
   ::: src/point.rs:367:1
    |
367 | impl_mint_conversions!(Point2 { x, y }, Point2);
    | ----------------------------------------------- in this macro invocation
    |
    = help: `impl From<Local> for Foreign` is allowed by the orphan rules, for more information see
            https://doc.rust-lang.org/reference/items/implementations.html#trait-implementation-coherence
    = help: replace the `Into` implementation with `From<point::Point2<S>>`
    = help: for further information visit https://rust-lang.github.io/rust-clippy/rust-1.97.0/index.html#from_over_into
    = note: this warning originates in the macro `impl_mint_conversions` (in Nightly builds, run with -Z macro-backtrace for more info)

warning: an implementation of `From` is preferred since it gives you `Into<_>` for free where the reverse isn't true
   --> src/macros.rs:385:9
    |
385 |         impl<S: Clone> Into<mint::$Mint<S>> for $ArrayN<S> {
    |         ^^^^^^^^^^^^^^^^^^^^^^^^^^^^^^^^^^^^^^^^^^^^^^^^^^
    |
   ::: src/point.rs:369:1
    |
369 | impl_mint_conversions!(Point3 { x, y, z }, Point3);
    | -------------------------------------------------- in this macro invocation
    |
    = help: `impl From<Local> for Foreign` is allowed by the orphan rules, for more information see
            https://doc.rust-lang.org/reference/items/implementations.html#trait-implementation-coherence
    = help: replace the `Into` implementation with `From<point::Point3<S>>`
    = help: for further information visit https://rust-lang.github.io/rust-clippy/rust-1.97.0/index.html#from_over_into
    = note: this warning originates in the macro `impl_mint_conversions` (in Nightly builds, run with -Z macro-backtrace for more info)

warning: using `clone` on type `Quaternion<S>` which implements the `Copy` trait
   --> src/rotation.rs:322:18
    |
322 |             mat: quaternion.clone().into(),
    |                  ^^^^^^^^^^^^^^^^^^ help: try dereferencing it: `(*quaternion)`
    |
    = help: for further information visit https://rust-lang.github.io/rust-clippy/rust-1.97.0/index.html#clone_on_copy

warning: using `Option.and_then(|x| Some(y))`, which is more succinctly expressed as `map(|x| y)`
  --> src/transform.rs:49:9
   |
49 | /         self.inverse_transform()
50 | |             .and_then(|inverse| Some(inverse.transform_vector(vec)))
   | |____________________________________________________________________^ help: try: `self.inverse_transform().map(|inverse| inverse.transform_vector(vec))`
   |
   = help: for further information visit https://rust-lang.github.io/rust-clippy/rust-1.97.0/index.html#bind_instead_of_map
   = note: `#[warn(clippy::bind_instead_of_map)]` on by default

warning: using `clone` on type `<P as EuclideanSpace>::Diff` which implements the `Copy` trait
   --> src/transform.rs:180:37
    |
180 |             let d = r.rotate_vector(self.disp.clone()) * -s;
    |                                     ^^^^^^^^^^^^^^^^^ help: try removing the `clone` call: `self.disp`
    |
    = help: for further information visit https://rust-lang.github.io/rust-clippy/rust-1.97.0/index.html#clone_on_copy

warning: needlessly taken reference of left operand
   --> src/transform.rs:204:33
    |
204 |         let mut m: Matrix3<_> = (&m * dec.scale).into();
    |                                 ^--^^^^^^^^^^^^^
    |                                  |
    |                                  help: use the left value directly: `m`
    |
    = help: for further information visit https://rust-lang.github.io/rust-clippy/rust-1.97.0/index.html#op_ref
    = note: `#[warn(clippy::op_ref)]` on by default

warning: needlessly taken reference of left operand
   --> src/transform.rs:213:33
    |
213 |         let mut m: Matrix4<_> = (&m * dec.scale).into();
    |                                 ^--^^^^^^^^^^^^^
    |                                  |
    |                                  help: use the left value directly: `m`
    |
    = help: for further information visit https://rust-lang.github.io/rust-clippy/rust-1.97.0/index.html#op_ref

warning: using `clone` on type `S` which implements the `Copy` trait
   --> src/projection.rs:102:19
    |
102 |             near: self.near.clone(),
    |                   ^^^^^^^^^^^^^^^^^ help: try removing the `clone` call: `self.near`
    |
    = help: for further information visit https://rust-lang.github.io/rust-clippy/rust-1.97.0/index.html#clone_on_copy

warning: using `clone` on type `S` which implements the `Copy` trait
   --> src/projection.rs:103:18
    |
103 |             far: self.far.clone(),
    |                  ^^^^^^^^^^^^^^^^ help: try removing the `clone` call: `self.far`
    |
    = help: for further information visit https://rust-lang.github.io/rust-clippy/rust-1.97.0/index.html#clone_on_copy

warning: immediately dereferencing a reference
   --> src/vector.rs:623:13
    |
623 |             *&mut v[0] = 0;
    |             ^^^^^^^^^^ help: try: `v[0]`
    |
    = help: for further information visit https://rust-lang.github.io/rust-clippy/rust-1.97.0/index.html#deref_addrof
    = note: `#[warn(clippy::deref_addrof)]` on by default

warning: statement with no effect
   --> src/vector.rs:630:13
    |
630 |             VECTOR2[2];
    |             ^^^^^^^^^^^
    |
    = help: for further information visit https://rust-lang.github.io/rust-clippy/rust-1.97.0/index.html#no_effect
    = note: `#[warn(clippy::no_effect)]` on by default

warning: immediately dereferencing a reference
   --> src/vector.rs:744:13
    |
744 |             *&mut v[1] = 0;
    |             ^^^^^^^^^^ help: try: `v[1]`
    |
    = help: for further information visit https://rust-lang.github.io/rust-clippy/rust-1.97.0/index.html#deref_addrof

warning: statement with no effect
   --> src/vector.rs:751:13
    |
751 |             VECTOR3[3];
    |             ^^^^^^^^^^^
    |
    = help: for further information visit https://rust-lang.github.io/rust-clippy/rust-1.97.0/index.html#no_effect

warning: immediately dereferencing a reference
   --> src/vector.rs:871:13
    |
871 |             *&mut v[2] = 0;
    |             ^^^^^^^^^^ help: try: `v[2]`
    |
    = help: for further information visit https://rust-lang.github.io/rust-clippy/rust-1.97.0/index.html#deref_addrof

warning: statement with no effect
   --> src/vector.rs:878:13
    |
878 |             VECTOR4[4];
    |             ^^^^^^^^^^^
    |
    = help: for further information visit https://rust-lang.github.io/rust-clippy/rust-1.97.0/index.html#no_effect

warning: `cgmath` (lib) generated 1346 warnings (920 duplicates) (run `cargo clippy --fix --lib -p cgmath -- ` to apply 384 suggestions)
warning: immediately dereferencing a reference
   --> src/point.rs:408:13
    |
408 |             *&mut p[0] = 0;
    |             ^^^^^^^^^^ help: try: `p[0]`
    |
    = help: for further information visit https://rust-lang.github.io/rust-clippy/rust-1.97.0/index.html#deref_addrof

warning: statement with no effect
   --> src/point.rs:415:13
    |
415 |             POINT2[2];
    |             ^^^^^^^^^^
    |
    = help: for further information visit https://rust-lang.github.io/rust-clippy/rust-1.97.0/index.html#no_effect

warning: immediately dereferencing a reference
   --> src/point.rs:521:13
    |
521 |             *&mut p[1] = 0;
    |             ^^^^^^^^^^ help: try: `p[1]`
    |
    = help: for further information visit https://rust-lang.github.io/rust-clippy/rust-1.97.0/index.html#deref_addrof

warning: statement with no effect
   --> src/point.rs:528:13
    |
528 |             POINT3[3];
    |             ^^^^^^^^^^
    |
    = help: for further information visit https://rust-lang.github.io/rust-clippy/rust-1.97.0/index.html#no_effect

error[E0554]: `#![feature]` may not be used on the stable release channel
  --> benches/mat.rs:16:1
   |
16 | #![feature(test)]
   | ^^^^^^^^^^^^^^^^^

error[E0554]: `#![feature]` may not be used on the stable release channel
  --> benches/vec.rs:16:1
   |
16 | #![feature(test)]
   | ^^^^^^^^^^^^^^^^^

error[E0554]: `#![feature]` may not be used on the stable release channel
  --> benches/quat.rs:16:1
   |
16 | #![feature(test)]
   | ^^^^^^^^^^^^^^^^^

warning: redundant field names in struct initialization
   --> tests/quaternion.rs:223:49
    |
223 |             let matrix3 = Matrix3::from(Euler { x: x, y: y, z: z });
    |                                                 ^^^^ help: replace it with: `x`
    |
    = help: for further information visit https://rust-lang.github.io/rust-clippy/rust-1.97.0/index.html#redundant_field_names
    = note: `#[warn(clippy::redundant_field_names)]` on by default

warning: redundant field names in struct initialization
   --> tests/quaternion.rs:223:55
    |
223 |             let matrix3 = Matrix3::from(Euler { x: x, y: y, z: z });
    |                                                       ^^^^ help: replace it with: `y`
    |
    = help: for further information visit https://rust-lang.github.io/rust-clippy/rust-1.97.0/index.html#redundant_field_names

warning: redundant field names in struct initialization
   --> tests/quaternion.rs:223:61
    |
223 |             let matrix3 = Matrix3::from(Euler { x: x, y: y, z: z });
    |                                                             ^^^^ help: replace it with: `z`
    |
    = help: for further information visit https://rust-lang.github.io/rust-clippy/rust-1.97.0/index.html#redundant_field_names

warning: `cgmath` (lib test) generated 1356 warnings (1346 duplicates) (run `cargo clippy --fix --lib -p cgmath --tests -- ` to apply 5 suggestions)
error[E0554]: `#![feature]` may not be used on the stable release channel
  --> benches/construction.rs:16:1
   |
16 | #![feature(test)]
   | ^^^^^^^^^^^^^^^^^

warning: unexpected `cfg` condition value: `simd`
   --> tests/vector4f32.rs:182:15
    |
182 |         #[cfg(feature = "simd")]
    |               ^^^^^^^^^^^^^^^^
    |
    = note: expected values for `feature` are: `mint`, `rand`, `serde`, `swizzle`, and `unstable`
    = help: consider adding `simd` as a feature in `Cargo.toml`
    = note: see <https://doc.rust-lang.org/nightly/rustc/check-cfg/cargo-specifics.html> for more information about checking conditional configuration
    = note: `#[warn(unexpected_cfgs)]` on by default

For more information about this error, try `rustc --explain E0554`.
error: could not compile `cgmath` (bench "quat") due to 1 previous error
warning: build failed, waiting for other jobs to finish...
error: could not compile `cgmath` (bench "mat") due to 1 previous error
error: could not compile `cgmath` (bench "construction") due to 1 previous error
warning: `cgmath` (test "vector4f32") generated 1 warning
error: could not compile `cgmath` (bench "vec") due to 1 previous error
warning: needlessly taken reference of both operands
   --> tests/matrix.rs:104:27
    |
104 |         assert_eq!(A * B, &A * &B);
    |                           ^^^^^^^
    |
    = help: for further information visit https://rust-lang.github.io/rust-clippy/rust-1.97.0/index.html#op_ref
    = note: `#[warn(clippy::op_ref)]` on by default
help: use the values directly
    |
104 -         assert_eq!(A * B, &A * &B);
104 +         assert_eq!(A * B, A * B);
    |

warning: `cgmath` (test "quaternion") generated 3 warnings (run `cargo clippy --fix --test "quaternion" -p cgmath -- ` to apply 3 suggestions)
warning: needlessly taken reference of both operands
   --> tests/matrix.rs:367:27
    |
367 |         assert_eq!(A * B, &A * &B);
    |                           ^^^^^^^
    |
    = help: for further information visit https://rust-lang.github.io/rust-clippy/rust-1.97.0/index.html#op_ref
help: use the values directly
    |
367 -         assert_eq!(A * B, &A * &B);
367 +         assert_eq!(A * B, A * B);
    |

warning: needlessly taken reference of both operands
   --> tests/matrix.rs:972:27
    |
972 |         assert_eq!(A * B, &A * &B);
    |                           ^^^^^^^
    |
    = help: for further information visit https://rust-lang.github.io/rust-clippy/rust-1.97.0/index.html#op_ref
help: use the values directly
    |
972 -         assert_eq!(A * B, &A * &B);
972 +         assert_eq!(A * B, A * B);
    |

warning: `cgmath` (test "matrix") generated 3 warnings (run `cargo clippy --fix --test "matrix" -p cgmath -- ` to apply 3 suggestions)
EXIT_CODE:101
